,player,team,pos,mins,mins/st,price,CS,Tkl,Int,Clr,defcon,defcon90,GI,GI90,xGI,xGI_fit,Pts,xPts,xPts_fit,xCS,xPts_full,basBPS90,G,xG,xG90,A,xA,xA90,xA_FPL,xA_FPL90,Saves,GK_prevented,rating,fpl_id,etype
0,Marcos Senesi,Spurs,DEF,90,90.0,5.8,0,5,1,8,16,16.0,0.0,0.0,0.02,0.01,3.0,3.1,3.0,0.02,3.1,10.0,0,0.0,0.0,0,0.02,0.02,0.01,0.01,0,0.0,7.6,498.0,2.0
1,Nobel Mendy,Hull City,DEF,253,62.0,4.1,0,7,3,25,39,14.1,1.0,0.36,0.32,0.32,25.0,20.9,20.9,0.31,14.1,20.3,1,0.31,0.11,0,0.01,0.0,0.0,0.0,0,0.0,7.28,586.0,2.0
2,Ousmane Diomande,Nott'm Forest,DEF,91,90.0,5.4,0,1,1,11,14,13.85,0.0,0.0,0.11,0.11,5.0,5.7,5.7,0.44,7.5,12.9,0,0.11,0.11,0,0.0,0.0,0.0,0.0,0,0.0,6.9,581.0,2.0
3,John Egan,Hull City,DEF,360,90.0,4.1,3,7,6,38,55,13.75,0.0,0.0,0.04,0.04,25.0,25.2,25.2,0.98,17.1,17.2,0,0.04,0.01,0,0.01,0.0,0.0,0.0,0,0.0,7.1,277.0,2.0
4,Nordi Mukiele,Sunderland,DEF,270,90.0,5.5,1,9,2,25,39,13.0,0.0,0.0,0.75,0.72,13.0,17.3,17.3,0.84,16.7,13.0,0,0.7,0.23,0,0.05,0.02,0.02,0.01,0,0.0,7.2,533.0,2.0
5,Tarik Muharemović,Leeds,DEF,270,90.0,5.0,1,3,6,25,39,13.0,0.0,0.0,0.11,0.1,14.0,14.6,14.6,0.82,13.9,17.3,0,0.09,0.03,0,0.02,0.01,0.01,0.0,0,0.0,7.07,334.0,2.0
6,Axel Disasi,Crystal Palace,DEF,140,62.0,4.5,0,5,6,7,20,12.95,0.0,0.0,0.04,0.06,1.0,1.1,1.2,0.04,1.4,-3.9,0,0.0,0.0,0,0.04,0.03,0.06,0.04,0,0.0,6.47,153.0,2.0
7,Aaron Wan-Bissaka,Aston Villa,DEF,111,90.0,4.5,0,7,3,5,15,12.62,0.0,0.0,0.06,0.07,5.0,5.2,5.2,0.1,5.6,14.6,0,0.0,0.0,0,0.07,0.06,0.07,0.06,0,0.0,6.8,611.0,2.0
8,Jannik Schuster,Brentford,DEF,163,90.0,4.5,0,2,0,18,22,12.15,0.0,0.0,0.12,0.11,7.0,7.7,7.6,0.35,9.0,8.8,0,0.1,0.06,0,0.02,0.01,0.01,0.01,0,0.0,7.1,93.0,2.0
9,David Affengruber,Fulham,DEF,90,90.0,4.5,1,1,2,9,12,12.0,0.0,0.0,0.0,0.0,8.0,8.0,8.0,0.28,5.1,23.0,0,0.0,0.0,0,0.0,0.0,0.0,0.0,0,0.0,6.9,650.0,2.0
10,Wesley Fofana,Chelsea,DEF,244,81.0,5.0,0,5,4,20,32,11.9,0.0,0.0,0.08,0.11,4.0,4.2,4.3,0.62,6.8,8.9,0,0.0,0.0,0,0.07,0.03,0.11,0.04,0,0.0,7.03,145.0,2.0
11,Anan Khalaili,Crystal Palace,DEF,290,85.0,5.0,0,19,5,12,38,11.83,1.0,0.31,1.27,1.18,13.0,13.7,13.4,0.34,14.8,5.9,1,0.96,0.3,0,0.3,0.09,0.22,0.07,0,0.0,7.43,588.0,2.0
12,Ethan Pinnock,Coventry City,DEF,192,90.0,4.5,0,3,2,18,25,11.72,0.0,0.0,0.12,0.12,6.0,6.7,6.7,0.18,7.4,-4.2,0,0.12,0.06,0,0.01,0.0,0.0,0.0,0,0.0,6.3,91.0,2.0
13,Jaka Bijol,Leeds,DEF,164,68.0,5.0,1,3,3,15,21,11.52,0.0,0.0,0.11,0.11,12.0,12.7,12.7,0.52,10.8,15.9,0,0.11,0.06,0,0.0,0.0,0.0,0.0,0,0.0,6.8,327.0,2.0
14,Maxence Lacroix,Chelsea,DEF,281,90.0,6.0,0,9,5,18,35,11.5,1.0,0.32,0.23,0.42,10.0,7.8,8.3,0.64,10.9,6.4,0,0.02,0.01,1,0.21,0.07,0.4,0.13,0,0.0,6.7,200.0,2.0
15,Chris Richards,Crystal Palace,DEF,360,90.0,5.0,0,6,7,25,44,11.0,0.0,0.0,0.14,0.1,6.0,6.7,6.5,0.67,9.2,4.8,0,0.08,0.02,0,0.06,0.02,0.02,0.0,0,0.0,6.55,202.0,2.0
16,Honest Ahanor,Crystal Palace,DEF,90,90.0,4.5,0,2,1,8,11,11.0,0.0,0.0,0.01,0.05,3.0,3.0,3.2,0.19,4.0,10.0,0,0.0,0.0,0,0.01,0.01,0.05,0.05,0,0.0,6.7,633.0,2.0
17,Murillo,Nott'm Forest,DEF,358,90.0,5.5,0,8,4,28,42,10.53,1.0,0.25,0.64,0.57,19.0,19.0,18.8,1.59,21.2,12.8,0,0.35,0.09,1,0.29,0.07,0.22,0.06,0,0.0,6.78,472.0,2.0
18,Nikola Milenković,Nott'm Forest,DEF,270,90.0,5.5,1,5,3,20,31,10.33,0.0,0.0,0.14,0.12,12.0,12.8,12.7,1.15,13.3,11.3,0,0.11,0.04,0,0.03,0.01,0.01,0.0,0,0.0,6.73,471.0,2.0
19,Kristoffer Ajer,Brentford,DEF,360,90.0,4.5,1,4,4,31,41,10.25,0.0,0.0,0.16,0.23,14.0,14.9,15.1,1.15,15.7,11.0,0,0.12,0.03,0,0.03,0.01,0.1,0.02,0,0.0,6.75,87.0,2.0
20,António Silva,Bournemouth,DEF,360,90.0,5.0,0,3,6,29,41,10.25,0.0,0.0,1.12,0.98,10.0,15.9,15.5,1.36,20.9,5.5,0,0.84,0.21,0,0.27,0.07,0.13,0.03,0,0.0,6.88,566.0,2.0
21,Bobby Thomas,Coventry City,DEF,348,87.0,4.0,0,2,5,28,39,10.12,0.0,0.0,0.69,0.94,15.0,18.4,19.1,0.82,18.4,10.6,0,0.43,0.11,0,0.25,0.06,0.51,0.13,0,0.0,7.05,173.0,2.0
22,Lewis Hall,Newcastle,DEF,269,90.0,5.2,1,8,5,12,30,10.04,1.0,0.33,0.71,0.72,18.0,17.2,17.3,0.63,15.8,23.8,0,0.05,0.02,1,0.67,0.22,0.68,0.23,0,0.0,7.77,449.0,2.0
23,Jarrad Branthwaite,Everton,DEF,360,90.0,5.5,2,5,5,21,40,10.0,0.0,0.0,0.19,0.18,19.0,20.1,20.0,1.26,17.0,17.5,0,0.16,0.04,0,0.02,0.0,0.01,0.0,0,0.0,7.08,230.0,2.0
24,James Justin,Leeds,DEF,270,90.0,4.5,1,11,4,13,30,10.0,0.0,0.0,0.19,0.22,16.0,17.1,17.2,0.82,16.5,16.3,0,0.17,0.06,0,0.02,0.01,0.05,0.02,0,0.0,6.97,332.0,2.0
25,Jorge Cuenca,Fulham,DEF,90,90.0,4.5,0,1,1,5,10,10.0,0.0,0.0,0.03,0.39,3.0,3.1,4.2,0.11,4.6,7.0,0,0.0,0.0,0,0.03,0.03,0.39,0.39,0,0.0,7.1,255.0,2.0
26,Nico Elvedi,Leeds,DEF,146,90.0,4.5,0,1,2,10,16,9.86,0.0,0.0,0.57,0.86,5.0,6.7,7.6,0.11,8.0,12.9,0,0.0,0.0,0,0.57,0.35,0.86,0.53,0,0.0,6.75,598.0,2.0
27,Dara O'Shea,Ipswich Town,DEF,360,90.0,4.0,0,7,4,26,39,9.75,0.0,0.0,0.33,0.37,8.0,9.2,9.3,1.56,15.5,3.0,0,0.07,0.02,0,0.25,0.06,0.3,0.08,0,0.0,6.25,304.0,2.0
28,James Tarkowski,Everton,DEF,360,90.0,6.0,2,10,10,16,39,9.75,1.0,0.25,0.2,0.22,29.0,24.1,24.2,1.26,21.2,20.8,1,0.16,0.04,0,0.02,0.0,0.05,0.01,0,0.0,7.48,229.0,2.0
29,Adrien Truffert,Bournemouth,DEF,360,90.0,5.5,0,15,7,14,38,9.5,0.0,0.0,0.32,0.34,8.0,9.2,9.3,1.36,14.7,11.8,0,0.09,0.02,0,0.24,0.06,0.25,0.06,0,0.0,6.9,61.0,2.0
30,Jair,Nott'm Forest,DEF,270,90.0,4.5,1,5,3,18,28,9.33,0.0,0.0,0.04,0.04,10.0,10.2,10.2,1.15,10.8,11.7,0,0.03,0.01,0,0.02,0.01,0.01,0.0,0,0.0,6.87,474.0,2.0
31,Ezri Konsa,Arsenal,DEF,191,90.0,4.5,1,5,3,10,19,8.95,0.0,0.0,0.01,0.0,11.0,11.0,11.0,0.84,10.4,16.0,0,0.0,0.0,0,0.01,0.0,0.0,0.0,0,0.0,6.93,31.0,2.0
32,Aaron Hickey,Brentford,DEF,132,70.0,4.5,0,4,2,7,13,8.93,0.0,0.0,0.08,0.05,4.0,4.3,4.2,0.17,4.9,8.2,0,0.03,0.02,0,0.05,0.03,0.02,0.01,0,0.0,6.53,90.0,2.0
33,Ronald Araújo,Liverpool,DEF,195,80.0,5.4,1,3,1,12,19,8.81,0.0,0.0,0.05,0.02,15.0,15.2,15.1,0.97,11.0,24.5,0,0.0,0.0,0,0.06,0.03,0.02,0.01,0,0.0,7.13,579.0,2.0
34,Matheus Nunes,Man City,DEF,123,90.0,5.9,1,2,2,6,12,8.78,0.0,0.0,0.05,0.02,10.0,10.2,10.1,0.37,7.6,27.8,0,0.0,0.0,0,0.05,0.04,0.02,0.01,0,0.0,7.35,389.0,2.0
35,Virgil van Dijk,Liverpool,DEF,360,90.0,6.5,2,5,6,23,35,8.75,0.0,0.0,0.32,0.32,17.0,18.7,18.7,1.28,15.8,17.5,0,0.25,0.06,0,0.08,0.02,0.07,0.02,0,0.0,7.3,356.0,2.0
36,James Hill,Bournemouth,DEF,360,90.0,5.5,0,5,5,25,35,8.75,0.0,0.0,0.77,1.09,8.0,10.3,11.3,1.36,16.7,7.0,0,0.0,0.0,0,0.77,0.19,1.09,0.27,0,0.0,6.8,60.0,2.0
37,Takehiro Tomiyasu,Crystal Palace,DEF,145,73.0,4.5,0,2,5,7,14,8.75,0.0,0.0,0.02,0.01,2.0,2.1,2.0,0.11,2.4,3.7,0,0.0,0.0,0,0.02,0.01,0.01,0.01,0,0.0,6.33,577.0,2.0
38,Issa Diop,Ipswich Town,DEF,360,90.0,4.0,0,4,9,17,35,8.75,0.0,0.0,0.15,0.09,8.0,8.4,8.3,1.56,14.5,8.0,0,0.0,0.0,0,0.15,0.04,0.09,0.02,0,0.0,6.65,259.0,2.0
39,Daniel Ballard,Sunderland,DEF,360,90.0,4.9,1,6,2,25,35,8.75,0.0,0.0,0.33,0.31,12.0,13.5,13.4,1.0,13.4,10.8,0,0.17,0.04,0,0.16,0.04,0.14,0.04,0,0.0,6.8,532.0,2.0
40,Mats Wieffer,Brighton,DEF,158,78.0,5.0,0,4,6,2,15,8.65,0.0,0.0,0.25,0.25,7.0,8.1,8.1,0.8,7.3,21.6,0,0.12,0.07,0,0.13,0.07,0.13,0.07,0,0.0,7.3,130.0,2.0
41,Jan Paul van Hecke,Spurs,DEF,360,90.0,4.9,2,7,1,21,34,8.5,0.0,0.0,0.46,0.51,18.0,20.4,20.6,1.24,17.6,17.0,0,0.34,0.08,0,0.13,0.03,0.17,0.04,0,0.0,7.58,112.0,2.0
42,Josh Acheampong,Chelsea,DEF,202,90.0,4.5,0,6,1,10,19,8.47,0.0,0.0,0.02,0.01,5.0,5.1,5.0,0.39,6.6,4.0,0,0.0,0.0,0,0.02,0.01,0.01,0.0,0,0.0,6.37,151.0,2.0
43,Vitaliy Mykolenko,Everton,DEF,360,90.0,4.5,2,11,6,12,33,8.25,0.0,0.0,0.14,0.13,22.0,22.4,22.4,1.26,19.4,20.0,0,0.0,0.0,0,0.13,0.03,0.13,0.03,0,0.0,7.13,233.0,2.0
44,Joe Rodon,Leeds,DEF,124,62.0,4.4,1,1,1,8,11,8.05,0.0,0.0,0.09,0.09,7.0,7.4,7.4,0.52,5.5,18.1,0,0.03,0.02,0,0.06,0.04,0.06,0.04,0,0.0,6.95,329.0,2.0
45,Luka Vušković,Brighton,DEF,348,87.0,5.0,1,4,2,23,31,8.04,1.0,0.26,0.53,0.48,24.0,21.0,20.8,1.15,17.4,15.3,1,0.46,0.12,0,0.07,0.02,0.02,0.01,0,0.0,7.48,504.0,2.0
46,Gabriel Magalhães,Arsenal,DEF,360,90.0,8.0,3,3,6,20,32,8.0,0.0,0.0,0.57,0.53,24.0,27.2,27.1,2.38,24.6,21.0,0,0.5,0.12,0,0.06,0.02,0.02,0.0,0,0.0,7.13,4.0,2.0
47,Jaydee Canvot,Crystal Palace,DEF,270,90.0,4.9,0,7,3,10,24,8.0,0.0,0.0,0.06,0.06,2.0,2.3,2.3,0.48,4.2,4.0,0,0.05,0.02,0,0.02,0.01,0.01,0.0,0,0.0,6.4,203.0,2.0
48,Sven Botman,Newcastle,DEF,270,90.0,5.0,1,2,1,14,24,8.0,0.0,0.0,0.18,0.06,9.0,9.6,9.2,0.63,7.7,9.7,0,0.01,0.0,0,0.18,0.06,0.05,0.02,0,0.0,6.73,447.0,2.0
49,Nathan Collins,Brentford,DEF,197,65.0,5.5,1,2,2,13,17,7.81,0.0,0.0,0.56,0.61,10.0,13.2,13.4,0.8,12.6,17.8,0,0.5,0.23,0,0.04,0.02,0.1,0.05,0,0.0,6.67,84.0,2.0
50,Jérémy Jacquet,Liverpool,DEF,327,81.0,5.0,2,8,6,11,28,7.75,0.0,0.0,0.12,0.17,18.0,18.4,18.5,1.28,15.6,23.7,0,0.0,0.0,0,0.12,0.03,0.17,0.05,0,0.0,7.8,362.0,2.0
51,Micky van de Ven,Spurs,DEF,270,90.0,5.0,2,4,2,17,23,7.67,0.0,0.0,0.61,0.58,15.0,18.5,18.5,1.21,15.3,20.7,0,0.57,0.19,0,0.04,0.01,0.01,0.0,0,0.0,7.07,503.0,2.0
52,Jacob Greaves,Ipswich Town,DEF,358,89.0,4.0,0,5,2,18,30,7.56,0.0,0.0,0.06,0.06,3.0,3.2,3.2,1.56,9.4,3.0,0,0.0,0.0,0,0.06,0.02,0.06,0.02,0,0.0,6.2,306.0,2.0
53,Joachim Andersen,Fulham,DEF,180,90.0,5.0,0,2,2,11,15,7.5,0.0,0.0,0.1,0.16,2.0,2.3,2.5,0.27,3.6,6.0,0,0.0,0.0,0,0.1,0.05,0.16,0.08,0,0.0,6.95,253.0,2.0
54,Reinildo Mandava,Sunderland,DEF,360,90.0,4.5,1,8,8,12,29,7.25,0.0,0.0,0.32,0.19,7.0,8.0,7.6,1.0,7.6,9.2,0,0.0,0.0,0,0.32,0.08,0.19,0.05,0,0.0,6.68,536.0,2.0
55,Luke Shaw,Man Utd,DEF,252,84.0,4.4,0,6,4,7,20,7.14,1.0,0.36,0.53,0.69,7.0,5.7,6.1,0.86,9.5,13.6,0,0.02,0.01,1,0.5,0.18,0.67,0.24,0,0.0,6.93,423.0,2.0
56,Miloš Kerkez,Liverpool,DEF,296,83.0,5.4,1,7,2,11,23,7.02,0.0,0.0,0.09,0.13,7.0,7.3,7.4,0.78,6.5,12.5,0,0.02,0.01,0,0.08,0.02,0.11,0.03,0,0.0,6.58,358.0,2.0
57,Malick Thiaw,Newcastle,DEF,270,90.0,5.0,1,0,0,15,21,7.0,0.0,0.0,0.07,0.06,8.0,8.2,8.2,0.63,6.7,8.3,0,0.0,0.0,0,0.06,0.02,0.06,0.02,0,0.0,6.53,445.0,2.0
58,Levi Colwill,Chelsea,DEF,252,84.0,4.9,0,3,2,12,19,6.81,0.0,0.0,0.05,0.07,2.0,2.2,2.2,0.76,5.2,5.7,0,0.01,0.0,0,0.04,0.01,0.06,0.02,0,0.0,6.37,149.0,2.0
59,Milan van Ewijk,Coventry City,DEF,360,90.0,4.0,0,6,5,13,27,6.75,0.0,0.0,0.3,0.22,6.0,6.9,6.7,0.82,10.0,1.8,0,0.0,0.0,0,0.3,0.08,0.22,0.06,0,0.0,6.5,175.0,2.0
60,Neco Williams,Nott'm Forest,DEF,360,90.0,5.0,1,13,0,11,27,6.75,1.0,0.25,0.72,0.92,17.0,17.1,17.7,1.59,20.1,14.2,0,0.32,0.08,0,0.41,0.1,0.6,0.15,0,0.0,7.2,469.0,2.0
61,Lucas Herrington,Hull City,DEF,107,0.0,4.0,0,1,1,5,8,6.73,0.0,0.0,0.01,0.01,4.0,4.0,4.0,0.0,4.0,6.7,0,0.0,0.0,0,0.02,0.02,0.01,0.01,0,0.0,6.68,585.0,2.0
62,Harry Maguire,Man Utd,DEF,360,90.0,4.9,0,2,5,17,26,6.5,1.0,0.25,0.58,0.67,8.0,7.2,7.5,1.19,12.3,6.0,0,0.16,0.04,0,0.43,0.11,0.52,0.13,0,0.0,6.73,418.0,2.0
63,Ola Aina,Nott'm Forest,DEF,309,76.0,4.5,0,10,3,9,22,6.47,0.0,0.0,0.57,0.39,8.0,9.8,9.3,1.24,10.3,13.1,0,0.04,0.01,0,0.57,0.17,0.35,0.1,0,0.0,6.85,473.0,2.0
64,Ian Maatsen,Aston Villa,DEF,330,84.0,4.5,0,7,7,10,24,6.45,0.0,0.0,0.73,0.46,9.0,12.0,11.2,1.04,11.4,6.0,0,0.28,0.08,0,0.45,0.12,0.18,0.05,0,0.0,6.23,36.0,2.0
65,Antonee Robinson,Fulham,DEF,341,85.0,4.5,1,10,2,11,24,6.37,0.0,0.0,0.47,0.55,10.0,12.2,12.4,0.66,11.0,12.1,0,0.27,0.07,0,0.22,0.06,0.29,0.08,0,0.0,6.43,254.0,2.0
66,Joško Gvardiol,Man City,DEF,345,86.0,5.6,2,11,5,7,24,6.28,3.0,0.78,0.33,0.35,33.0,22.6,22.7,1.66,21.3,22.2,1,0.22,0.06,1,0.12,0.03,0.13,0.03,0,0.0,7.35,391.0,2.0
67,Jorrel Hato,Chelsea,DEF,260,64.0,4.5,0,7,2,6,18,6.28,2.0,0.69,0.22,0.85,8.0,2.7,4.6,0.64,7.2,-1.4,0,0.01,0.0,2,0.22,0.08,0.84,0.29,0,0.0,6.63,148.0,2.0
68,Marc Guéhi,Man City,DEF,360,90.0,6.0,2,3,3,18,25,6.25,1.0,0.25,1.27,1.39,26.0,26.5,26.8,1.66,25.4,22.2,1,0.89,0.22,0,0.38,0.1,0.5,0.12,0,0.0,7.6,388.0,2.0
69,Semi Ajayi,Hull City,DEF,334,83.0,4.2,2,4,4,15,23,6.22,1.0,0.27,0.65,0.65,26.0,23.9,23.9,0.98,15.8,16.7,1,0.65,0.18,0,0.01,0.0,0.0,0.0,0,0.0,6.9,279.0,2.0
70,Daniel Muñoz,Nott'm Forest,DEF,176,72.0,5.4,0,6,1,5,12,6.17,0.0,0.0,0.67,1.06,3.0,6.5,7.6,0.44,9.4,12.3,0,0.45,0.23,0,0.19,0.1,0.58,0.3,0,0.0,6.87,201.0,2.0
71,Jeremie Frimpong,Liverpool,DEF,179,80.0,5.4,0,4,1,7,12,6.07,0.0,0.0,0.24,0.65,2.0,2.8,4.0,0.31,5.2,12.1,0,0.01,0.01,0,0.24,0.12,0.64,0.32,0,0.0,6.37,357.0,2.0
72,Kevin Danso,Sunderland,DEF,180,90.0,5.0,0,1,0,9,12,6.0,0.0,0.0,0.16,0.14,3.0,3.5,3.4,0.45,5.2,7.5,0,0.0,0.0,0,0.16,0.08,0.14,0.07,0,0.0,7.0,501.0,2.0
73,Aurèle Amenda,Coventry City,DEF,360,90.0,4.0,0,1,3,16,24,6.0,0.0,0.0,0.41,0.18,4.0,5.3,4.6,0.82,7.9,-0.8,0,0.02,0.0,0,0.39,0.1,0.16,0.04,0,0.0,6.7,182.0,2.0
74,Amar Dedić,Newcastle,DEF,270,90.0,4.5,1,5,1,10,18,6.0,1.0,0.33,0.22,0.25,13.0,11.1,11.2,0.63,9.7,10.0,0,0.14,0.05,1,0.08,0.03,0.11,0.04,0,0.0,6.73,593.0,2.0
75,Tyrone Mings,Aston Villa,DEF,171,90.0,4.5,1,3,1,5,11,5.79,0.0,0.0,0.22,0.21,7.0,8.3,8.2,0.67,6.9,17.4,0,0.2,0.11,0,0.02,0.01,0.01,0.01,0,0.0,7.17,33.0,2.0
76,Lewis Dunk,Brighton,DEF,360,90.0,4.5,2,3,1,16,23,5.75,1.0,0.25,0.12,0.05,22.0,16.4,16.2,1.15,12.8,16.8,1,0.03,0.01,0,0.08,0.02,0.02,0.0,0,0.0,7.7,116.0,2.0
77,Abdukodir Khusanov,Man City,DEF,269,89.0,5.5,1,8,4,4,17,5.71,0.0,0.0,0.06,0.02,9.0,9.2,9.1,1.29,10.3,17.7,0,0.0,0.0,0,0.06,0.02,0.02,0.01,0,0.0,7.03,393.0,2.0
78,Olivier Boscagli,Brighton,DEF,347,87.0,4.5,1,2,4,15,22,5.71,0.0,0.0,0.57,1.12,13.0,14.9,16.5,1.15,13.1,17.9,0,0.06,0.02,0,0.5,0.13,1.06,0.27,0,0.0,7.23,114.0,2.0
79,Timothy Castagne,Fulham,DEF,320,80.0,4.5,0,6,4,8,20,5.66,2.0,0.56,1.05,0.96,19.0,18.2,17.9,0.66,12.5,12.1,0,0.68,0.19,1,0.38,0.11,0.29,0.08,0,0.0,6.6,258.0,2.0
80,Michael Kayode,Brentford,DEF,228,69.0,4.6,0,1,5,6,14,5.58,1.0,0.39,0.91,0.75,17.0,15.4,14.9,0.8,14.1,15.8,1,0.56,0.22,0,0.36,0.14,0.2,0.08,0,0.0,7.05,88.0,2.0
81,Noussair Mazraoui,Man Utd,DEF,98,79.0,4.4,0,2,0,3,6,5.57,0.0,0.0,0.28,0.33,3.0,4.5,4.6,0.36,6.0,5.5,0,0.22,0.2,0,0.07,0.06,0.11,0.1,0,0.0,6.3,422.0,2.0
82,Trai Hume,Sunderland,DEF,196,84.0,4.4,1,9,1,1,12,5.54,0.0,0.0,0.32,0.9,9.0,10.1,11.8,0.55,10.0,21.1,0,0.04,0.02,0,0.28,0.13,0.86,0.39,0,0.0,6.87,534.0,2.0
83,Andy Robertson,Spurs,DEF,277,82.0,4.4,1,3,3,8,17,5.54,0.0,0.0,0.3,0.95,13.0,14.3,16.2,0.84,15.6,17.2,0,0.13,0.04,0,0.17,0.06,0.82,0.27,0,0.0,6.8,502.0,2.0
84,Rúben Dias,Man City,DEF,360,90.0,5.5,2,1,3,17,22,5.5,0.0,0.0,0.83,0.45,16.0,18.8,17.6,1.66,16.2,19.8,0,0.09,0.02,0,0.74,0.19,0.36,0.09,0,0.0,7.45,390.0,2.0
85,Cristhian Mosquera,Arsenal,DEF,169,84.0,5.4,1,0,2,8,10,5.36,0.0,0.0,0.01,0.0,12.0,12.0,12.0,1.54,10.2,27.7,0,0.0,0.0,0,0.01,0.01,0.0,0.0,0,0.0,6.8,11.0,2.0
86,Pep Chavarría,Chelsea,DEF,118,0.0,4.9,0,2,2,3,7,5.34,0.0,0.0,0.03,0.01,4.0,4.1,4.0,0.0,4.0,7.6,0,0.0,0.0,0,0.03,0.02,0.01,0.01,0,0.0,6.53,583.0,2.0
87,Lisandro Martínez,Man Utd,DEF,270,90.0,5.0,0,3,1,10,16,5.33,0.0,0.0,0.2,0.1,6.0,6.8,6.5,0.82,9.8,7.7,0,0.06,0.02,0,0.13,0.04,0.04,0.01,0,0.0,6.77,419.0,2.0
88,Adam Smith,Bournemouth,DEF,360,90.0,4.5,0,5,4,12,21,5.25,0.0,0.0,0.08,0.17,2.0,2.3,2.5,1.36,7.9,2.8,0,0.01,0.0,0,0.08,0.02,0.16,0.04,0,0.0,6.35,64.0,2.0
89,Calvin Bassey,Fulham,DEF,360,90.0,4.5,1,4,3,13,21,5.25,0.0,0.0,0.14,0.09,9.0,9.6,9.5,0.66,8.1,10.8,0,0.07,0.02,0,0.08,0.02,0.02,0.0,0,0.0,6.8,257.0,2.0
90,Ben White,Arsenal,DEF,315,79.0,5.5,2,6,3,9,18,5.14,1.0,0.29,0.47,0.4,21.0,19.9,19.7,2.21,20.5,19.7,0,0.18,0.05,1,0.29,0.08,0.22,0.06,0,0.0,7.13,10.0,2.0
91,Matty Cash,Aston Villa,DEF,253,84.0,4.5,0,6,1,5,14,5.02,0.0,0.0,0.19,0.21,7.0,8.0,8.1,0.94,7.9,8.2,0,0.15,0.05,0,0.04,0.01,0.06,0.02,0,0.0,6.6,32.0,2.0
92,Gabriel Gudmundsson,Leeds,DEF,90,90.0,4.5,0,3,0,2,5,5.0,0.0,0.0,0.0,0.0,2.0,2.0,2.0,0.11,2.4,9.0,0,0.0,0.0,0,0.0,0.0,0.0,0.0,0,0.0,6.8,331.0,2.0
93,Jayden Bogle,Leeds,DEF,219,72.0,4.5,1,3,2,6,12,4.98,1.0,0.41,0.93,0.95,22.0,21.5,21.5,0.82,16.8,21.0,1,0.9,0.37,0,0.03,0.01,0.05,0.02,0,0.0,6.83,330.0,2.0
94,Malo Gusto,Chelsea,DEF,274,81.0,5.0,0,4,4,7,15,4.96,0.0,0.0,0.2,0.16,4.0,4.8,4.7,0.76,7.7,3.9,0,0.08,0.03,0,0.12,0.04,0.08,0.03,0,0.0,6.45,144.0,2.0
95,Diogo Dalot,Man Utd,DEF,258,82.0,4.9,0,5,5,4,14,4.92,0.0,0.0,0.36,0.84,6.0,7.6,9.1,0.82,12.4,11.5,0,0.18,0.06,0,0.18,0.06,0.66,0.23,0,0.0,6.55,417.0,2.0
96,Jay DaSilva,Coventry City,DEF,355,88.0,4.0,0,4,2,9,19,4.83,0.0,0.0,0.66,0.76,5.0,7.5,7.8,0.82,11.1,3.5,0,0.18,0.05,0,0.49,0.12,0.58,0.15,0,0.0,6.58,176.0,2.0
97,Ryan Giles,Hull City,DEF,355,88.0,4.0,2,4,3,12,19,4.83,1.0,0.25,0.37,1.29,24.0,22.2,24.9,0.98,16.8,21.8,0,0.02,0.01,1,0.36,0.09,1.27,0.32,0,0.0,7.0,282.0,2.0
98,Leif Davis,Ipswich Town,DEF,360,90.0,4.0,0,2,2,12,19,4.75,4.0,1.0,1.61,1.78,23.0,13.3,13.8,1.56,20.0,2.0,2,1.17,0.29,1,0.45,0.11,0.61,0.15,0,0.0,6.78,305.0,2.0
99,Tyrick Mitchell,Crystal Palace,DEF,331,82.0,4.5,0,6,2,9,17,4.65,2.0,0.54,1.01,1.36,17.0,10.3,11.4,0.67,14.1,3.8,2,0.77,0.21,0,0.24,0.07,0.59,0.16,0,0.0,7.08,204.0,2.0
100,Thomas Meunier,Sunderland,DEF,320,80.0,4.5,1,2,4,10,16,4.53,0.0,0.0,0.47,0.43,11.0,13.4,13.3,1.0,13.3,10.4,0,0.34,0.1,0,0.14,0.04,0.09,0.03,0,0.0,6.53,541.0,2.0
101,Pau Torres,Aston Villa,DEF,189,62.0,4.5,0,1,1,7,9,4.33,0.0,0.0,0.01,0.0,3.0,3.0,3.0,0.38,4.5,-1.9,0,0.0,0.0,0,0.01,0.0,0.0,0.0,0,0.0,6.1,34.0,2.0
102,Destiny Udogie,Spurs,DEF,92,60.0,4.5,0,1,1,2,4,4.19,0.0,0.0,0.23,0.11,7.0,7.7,7.3,0.4,4.9,20.5,0,0.0,0.0,0,0.23,0.22,0.11,0.11,0,0.0,6.7,506.0,2.0
103,Reece James,Chelsea,DEF,292,90.0,5.4,0,2,2,7,13,4.01,0.0,0.0,0.59,0.5,3.0,5.8,5.5,0.64,8.1,7.4,0,0.33,0.1,0,0.26,0.08,0.17,0.05,0,0.0,6.9,142.0,2.0
104,Pedro Porro,Spurs,DEF,180,90.0,5.5,1,2,1,5,8,4.0,0.0,0.0,0.52,0.5,8.0,10.6,10.6,0.89,10.2,14.5,0,0.35,0.18,0,0.16,0.08,0.14,0.07,0,0.0,6.7,499.0,2.0
105,Victor Lindelöf,Aston Villa,DEF,360,90.0,4.5,1,1,0,14,16,4.0,0.0,0.0,0.61,0.58,7.0,10.2,10.1,1.04,10.3,6.8,0,0.44,0.11,0,0.17,0.04,0.14,0.04,0,0.0,6.55,37.0,2.0
106,Riccardo Calafiori,Arsenal,DEF,328,82.0,5.8,2,3,1,8,13,3.59,2.0,0.55,1.19,1.16,28.0,27.4,27.3,2.38,24.8,16.7,0,0.6,0.16,2,0.59,0.16,0.56,0.15,0,0.0,7.03,8.0,2.0
107,Lewie Coyle,Hull City,DEF,261,64.0,4.0,0,2,1,6,9,3.14,0.0,0.0,0.16,0.23,13.0,13.9,14.1,0.71,8.9,15.9,0,0.13,0.04,0,0.03,0.01,0.1,0.03,0,0.0,6.65,280.0,2.0
108,Ferdi Kadıoğlu,Brighton,DEF,258,86.0,4.4,1,1,1,5,7,2.45,0.0,0.0,0.19,0.25,8.0,8.8,9.0,0.4,6.6,9.8,0,0.08,0.03,0,0.11,0.04,0.17,0.06,0,0.0,6.23,113.0,2.0
109,Maxim De Cuyper,Brighton,DEF,335,83.0,4.8,1,4,2,3,9,2.43,4.0,1.07,1.97,2.7,32.0,27.5,29.7,1.15,26.3,16.9,1,1.53,0.41,2,0.44,0.12,1.17,0.31,0,0.0,7.03,115.0,2.0
110,Ayden Heaven,Man Utd,DEF,90,90.0,4.4,0,1,0,1,2,2.0,0.0,0.0,0.16,0.13,1.0,1.8,1.8,0.36,3.2,5.0,0,0.12,0.12,0,0.04,0.04,0.01,0.01,0,0.0,6.3,421.0,2.0
111,Nico O'Reilly,Man City,DEF,160,75.0,6.4,0,2,0,1,3,1.71,0.0,0.0,0.52,0.26,5.0,6.8,6.0,1.04,10.2,10.7,0,0.09,0.05,0,0.43,0.24,0.17,0.1,0,0.0,6.57,387.0,2.0
112,Antonín Kinský,Spurs,GK,360,90.0,4.5,2,0,0,10,0,0.0,0.0,0.0,0.0,0.05,16.0,16.0,16.2,1.24,13.2,18.0,0,0.0,0.0,0,0.01,0.0,0.05,0.01,9,-0.49,6.78,496.0,1.0
113,Marco Bizot,Aston Villa,GK,90,90.0,4.5,0,0,0,2,0,0.0,0.0,0.0,0.0,0.0,1.0,1.0,1.0,0.02,1.1,1.0,0,0.0,0.0,0,0.0,0.0,0.0,0.0,3,-0.41,6.4,29.0,1.0
114,Walter Benítez,Crystal Palace,GK,90,90.0,4.5,0,0,0,1,0,0.0,0.0,0.0,0.0,0.0,2.0,2.0,2.0,0.19,2.8,3.0,0,0.0,0.0,0,0.0,0.0,0.0,0.0,3,0.81,7.6,199.0,1.0
115,Dean Henderson,Crystal Palace,GK,270,90.0,5.0,0,0,0,6,0,0.0,0.0,0.0,0.0,0.0,5.0,5.0,5.0,0.48,6.9,12.3,0,0.0,0.0,0,0.0,0.0,0.0,0.0,12,-1.45,6.8,198.0,1.0
116,James Trafford,Leeds,GK,270,90.0,5.0,1,0,0,2,0,0.0,0.0,0.0,0.0,0.0,15.0,15.0,15.0,0.82,14.3,22.0,0,0.0,0.0,0,0.01,0.0,0.0,0.0,11,-0.18,6.97,385.0,1.0
117,Zion Suzuki,Aston Villa,GK,270,90.0,5.0,1,0,0,5,0,0.0,0.0,0.0,0.01,0.0,14.0,14.0,14.0,1.02,14.1,21.0,0,0.0,0.0,0,0.01,0.0,0.0,0.0,10,0.31,7.2,597.0,1.0
118,Lukáš Horníček,Newcastle,GK,270,90.0,5.0,1,0,0,5,0,0.0,0.0,0.0,0.0,0.0,10.0,10.0,10.0,0.63,8.5,18.7,0,0.0,0.0,0,0.01,0.0,0.0,0.0,13,1.87,7.73,567.0,1.0
119,Emiliano Martínez,Chelsea,GK,270,90.0,5.0,0,0,0,1,0,0.0,0.0,0.0,0.01,0.39,7.0,7.0,8.2,0.62,10.7,18.0,0,0.0,0.0,0,0.02,0.01,0.39,0.13,15,-0.84,7.77,28.0,1.0
120,Bernd Leno,Fulham,GK,360,90.0,4.5,1,0,0,4,0,0.0,0.0,0.0,0.0,0.0,15.0,15.0,15.0,0.66,13.6,14.8,0,0.0,0.0,0,0.01,0.0,0.0,0.0,11,-0.19,6.55,250.0,1.0
121,Đorđe Petrović,Bournemouth,GK,360,90.0,4.5,0,0,0,6,0,0.0,0.0,0.0,0.0,0.0,7.0,7.0,7.0,1.36,12.4,8.2,0,0.0,0.0,0,0.0,0.0,0.0,0.0,9,-1.02,6.58,57.0,1.0
122,Carl Rushworth,Coventry City,GK,360,90.0,4.5,0,0,0,4,0,0.0,0.0,0.0,0.02,0.01,5.0,5.1,5.0,0.82,8.3,4.5,0,0.0,0.0,0,0.02,0.0,0.01,0.0,7,-2.01,6.7,110.0,1.0
123,Matz Sels,Nott'm Forest,GK,360,90.0,5.0,1,0,0,6,0,0.0,0.0,0.0,0.01,0.0,12.0,12.0,12.0,1.59,14.4,14.2,0,0.0,0.0,0,0.01,0.0,0.0,0.0,9,-0.16,6.83,467.0,1.0
124,Senne Lammens,Man Utd,GK,360,90.0,4.9,0,0,0,5,0,0.0,0.0,0.0,0.0,0.0,7.0,7.0,7.0,1.19,11.8,9.0,0,0.0,0.0,0,0.0,0.0,0.0,0.0,10,-0.55,6.78,412.0,1.0
125,Robin Roefs,Sunderland,GK,360,90.0,5.0,1,0,0,5,0,0.0,0.0,0.0,0.0,0.0,11.0,11.0,11.0,1.0,11.0,12.2,0,0.0,0.0,0,0.01,0.0,0.0,0.0,5,-0.38,6.85,529.0,1.0
126,Kjell Scherpen,Ipswich Town,GK,360,90.0,4.5,0,0,1,7,0,0.0,0.0,0.0,0.01,0.0,7.0,7.0,7.0,1.56,13.2,10.0,0,0.0,0.0,0,0.01,0.0,0.0,0.0,15,-2.51,7.03,564.0,1.0
127,Jordan Pickford,Everton,GK,360,90.0,5.5,2,0,0,6,0,0.0,0.0,0.0,0.02,0.01,17.0,17.1,17.0,1.26,14.0,21.8,0,0.0,0.0,0,0.02,0.0,0.01,0.0,11,1.02,7.08,226.0,1.0
128,Caoimhin Kelleher,Brentford,GK,360,90.0,5.0,1,0,0,5,0,0.0,0.0,0.0,0.01,0.0,14.0,14.0,14.0,1.15,14.6,17.5,0,0.0,0.0,0,0.01,0.0,0.0,0.0,15,0.32,7.18,82.0,1.0
129,Alisson,Liverpool,GK,360,90.0,5.5,2,0,0,6,0,0.0,0.0,0.0,0.0,0.0,19.0,19.0,19.0,1.28,16.1,16.5,0,0.0,0.0,0,0.01,0.0,0.0,0.0,12,0.01,7.2,350.0,1.0
130,David Raya,Arsenal,GK,360,90.0,6.0,3,0,0,6,0,0.0,0.0,0.0,0.01,0.0,29.0,29.0,29.0,2.38,26.5,24.5,0,0.0,0.0,0,0.01,0.0,0.0,0.0,7,1.04,7.33,1.0,1.0
131,Konstantinos Tzolakis,Hull City,GK,360,90.0,4.6,3,0,0,2,0,0.0,0.0,0.0,0.0,0.0,28.0,28.0,28.0,0.98,19.9,28.2,0,0.0,0.0,0,0.01,0.0,0.0,0.0,14,1.74,7.53,572.0,1.0
132,Bart Verbruggen,Brighton,GK,360,90.0,4.5,2,0,0,3,0,0.0,0.0,0.0,0.2,0.06,17.0,17.6,17.2,1.15,13.8,20.0,0,0.0,0.0,0,0.21,0.05,0.06,0.02,10,1.43,7.55,109.0,1.0
133,Gianluigi Donnarumma,Man City,GK,360,90.0,5.5,2,0,0,2,0,0.0,0.0,0.0,0.0,0.0,17.0,17.0,17.0,1.66,15.6,18.8,0,0.0,0.0,0,0.0,0.0,0.0,0.0,10,1.78,7.65,384.0,1.0
134,Robert Sánchez,Chelsea,GK,90,90.0,4.9,0,0,0,1,0,0.0,0.0,0.0,0.01,0.0,2.0,2.0,2.0,0.26,3.0,6.0,0,0.0,0.0,0,0.01,0.01,0.0,0.0,4,-0.83,5.8,140.0,1.0
