,player,team,pos,mins,mins/st,price,G,xG,xG90,xGOT,xGOT90,Finish_qual,A,xA,xA90,xA_FPL,xA_FPL90,GI,GI90,xGI,xGI_fit,Pts,xPts,xPts_fit,xCS,xPts_full,basBPS90,BigChCr,BigChCr90,BigChMiss,SoT,SoT90,Shots,KeyP,KP90,defcon,defcon90,PensWon,rating,fpl_id,etype
0,Wilson Isidor,Sunderland,FWD,95,0.0,5.5,1,1.49,1.41,0.96,0.91,-0.53,0,0.01,0.01,0.0,0.0,2.0,1.89,1.5,1.49,14.0,13.0,13.0,0.0,13.0,14.2,0,0.0,1,2,1.89,5,0,0.0,3,2.84,1,6.68,553.0,4.0
1,Thierno Barry,Everton,FWD,329,82.0,5.6,1,2.98,0.82,2.0,0.55,-0.98,0,0.14,0.04,0.22,0.06,1.0,0.27,3.12,3.2,14.0,22.3,22.6,1.26,22.6,8.5,0,0.0,4,4,1.09,14,4,1.09,12,3.3,0,6.73,249.0,4.0
2,Erling Haaland,Man City,FWD,360,90.0,15.5,4,3.22,0.81,4.38,1.1,1.16,0,0.51,0.13,0.5,0.12,4.0,1.0,3.72,3.71,32.0,30.4,30.3,1.66,30.3,11.5,1,0.25,3,9,2.25,16,1,0.25,18,4.5,0,7.93,411.0,4.0
3,Bukayo Saka,Arsenal,MID,337,84.0,9.5,3,2.87,0.77,3.19,0.85,0.32,0,0.43,0.11,0.31,0.08,3.0,0.8,3.31,3.19,30.0,30.7,30.3,2.38,29.7,18.4,0,0.0,2,8,2.14,13,4,1.07,29,7.77,1,7.63,12.0,3.0
4,Alexander Isak,Liverpool,FWD,334,83.0,9.1,3,2.79,0.75,2.81,0.76,0.02,0,0.06,0.02,0.11,0.03,3.0,0.81,2.85,2.9,25.0,24.3,24.5,1.28,24.5,8.1,0,0.0,3,6,1.62,12,2,0.54,6,1.62,0,7.43,379.0,4.0
5,Bryan Mbeumo,Man Utd,MID,360,90.0,7.9,2,2.79,0.7,1.92,0.48,-0.87,0,0.55,0.14,0.77,0.19,3.0,0.75,3.35,3.57,23.0,25.6,26.3,1.19,27.5,10.5,1,0.25,4,5,1.25,14,7,1.75,22,5.5,0,6.8,427.0,3.0
6,Phil Foden,Man City,MID,219,64.0,7.0,0,1.61,0.66,0.0,0.0,-1.61,2,0.89,0.37,1.47,0.6,2.0,0.82,2.49,3.08,9.0,13.7,15.5,1.04,16.5,14.0,3,1.23,3,1,0.41,6,7,2.88,14,5.81,0,6.0,398.0,3.0
7,Igor Thiago,Brentford,FWD,353,88.0,7.9,0,2.41,0.61,0.63,0.16,-1.78,0,0.14,0.04,0.09,0.02,0.0,0.0,2.54,2.5,5.0,15.0,14.9,1.15,14.9,2.8,0,0.0,4,3,0.76,10,1,0.25,16,4.09,0,6.38,106.0,4.0
8,Eddie Nketiah,Crystal Palace,FWD,168,56.0,5.5,0,1.1,0.59,1.06,0.57,-0.04,1,0.58,0.31,1.24,0.66,1.0,0.54,1.68,2.34,7.0,10.1,12.1,0.11,12.1,14.5,3,1.61,3,2,1.07,4,4,2.14,11,5.93,0,6.7,224.0,4.0
9,Bruno Fernandes,Man Utd,MID,360,90.0,12.0,3,2.29,0.57,2.45,0.61,0.16,1,0.95,0.24,0.98,0.24,4.0,1.0,3.23,3.26,29.0,25.2,25.3,1.19,26.5,17.5,1,0.25,0,5,1.25,16,9,2.25,23,5.75,0,7.73,426.0,3.0
10,Dominic Calvert-Lewin,Leeds,FWD,253,84.0,6.0,1,1.61,0.57,1.26,0.45,-0.35,0,0.08,0.03,0.07,0.02,1.0,0.36,1.69,1.68,10.0,12.7,12.7,0.82,12.7,1.8,0,0.0,2,3,1.07,6,1,0.36,9,3.21,0,6.8,346.0,4.0
11,Emersonn,Ipswich Town,FWD,240,59.0,5.5,2,1.48,0.56,1.8,0.68,0.32,1,0.11,0.04,0.8,0.3,3.0,1.12,1.59,2.28,24.0,19.2,21.3,1.56,21.3,16.5,2,0.75,0,3,1.12,7,4,1.5,9,3.42,0,7.13,316.0,4.0
12,João Pedro,Chelsea,FWD,360,90.0,7.8,3,2.16,0.54,2.06,0.52,-0.1,3,0.18,0.04,0.66,0.16,6.0,1.5,2.36,2.83,33.0,21.2,22.7,0.89,22.7,10.5,1,0.25,1,4,1.0,11,7,1.75,9,2.25,0,7.63,165.0,4.0
13,Malick Yalcouyé,Brighton,MID,238,76.0,4.5,2,1.42,0.54,2.68,1.01,1.26,0,0.26,0.1,0.55,0.21,2.0,0.76,1.69,1.97,19.0,16.9,17.8,0.4,17.2,19.3,1,0.38,1,4,1.51,6,4,1.51,18,7.01,0,7.25,605.0,3.0
14,Enzo Le Fée,Sunderland,MID,349,87.0,5.8,1,2.05,0.53,1.8,0.46,-0.25,0,0.82,0.21,0.98,0.25,1.0,0.26,2.88,3.04,13.0,20.8,21.2,1.0,21.2,10.1,2,0.52,2,3,0.77,10,3,0.77,18,4.66,0,6.75,542.0,3.0
15,Taiwo Awoniyi,Coventry City,FWD,234,71.0,5.5,0,1.3,0.5,1.0,0.38,-0.3,0,0.05,0.02,0.19,0.07,0.0,0.0,1.34,1.49,3.0,8.3,8.8,0.61,8.8,4.2,0,0.0,2,2,0.77,6,4,1.54,11,4.27,0,6.3,492.0,4.0
16,Yoane Wissa,Newcastle,FWD,261,87.0,6.2,1,1.34,0.46,0.8,0.28,-0.54,1,0.05,0.02,0.1,0.03,2.0,0.69,1.4,1.45,13.0,11.6,11.7,0.63,11.7,6.2,0,0.0,2,2,0.69,6,2,0.69,17,5.86,0,6.9,464.0,4.0
17,Igor Jesus,Nott'm Forest,FWD,225,90.0,5.8,1,1.09,0.44,1.38,0.55,0.29,0,0.07,0.03,0.11,0.04,1.0,0.4,1.16,1.2,11.0,11.6,11.7,0.8,11.7,10.0,0,0.0,1,3,1.2,7,2,0.8,12,4.78,0,6.9,491.0,4.0
18,Marcus Tavernier,Bournemouth,MID,352,88.0,6.0,3,1.7,0.43,3.03,0.77,1.33,0,0.8,0.2,1.49,0.38,3.0,0.77,2.51,3.19,29.0,24.9,27.0,1.36,28.4,21.7,3,0.77,0,8,2.05,13,8,2.05,36,9.26,0,7.93,68.0,3.0
19,Gonzalo García,Fulham,FWD,347,86.0,6.0,1,1.65,0.43,0.94,0.24,-0.71,0,0.25,0.06,0.16,0.04,1.0,0.26,1.89,1.8,12.0,15.3,15.0,0.66,15.0,6.7,0,0.0,2,2,0.52,12,2,0.52,16,4.16,0,6.48,569.0,4.0
20,Pascal Groß,Brighton,MID,360,90.0,5.6,2,1.67,0.42,0.83,0.21,-0.84,2,0.6,0.15,1.65,0.41,5.0,1.25,2.27,3.31,33.0,24.1,27.2,1.15,26.4,14.0,3,0.75,1,2,0.5,8,13,3.25,21,5.25,0,7.33,124.0,3.0
21,César Palacios,Fulham,MID,210,69.0,5.5,1,0.98,0.42,0.64,0.27,-0.34,0,0.03,0.01,0.05,0.02,1.0,0.43,1.01,1.03,11.0,11.0,11.0,0.38,11.4,10.7,0,0.0,0,2,0.86,8,1,0.43,13,5.65,0,6.4,570.0,3.0
22,Morgan Gibbs-White,Nott'm Forest,MID,360,90.0,7.9,1,1.59,0.4,0.84,0.21,-0.75,2,1.02,0.26,1.85,0.46,3.0,0.75,2.58,3.41,26.0,25.9,28.4,1.59,29.0,13.8,4,1.0,1,3,0.75,10,8,2.0,19,4.75,0,7.15,480.0,3.0
23,Mikey Moore,Spurs,MID,90,67.0,5.0,0,0.4,0.4,0.44,0.44,0.04,0,0.02,0.02,0.05,0.05,0.0,0.0,0.42,0.45,3.0,5.1,5.2,0.02,5.2,11.0,0,0.0,2,3,3.0,4,1,1.0,3,3.03,0,6.35,523.0,3.0
24,Ao Tanaka,Leeds,MID,118,72.0,4.9,0,0.53,0.4,0.0,0.0,-0.53,1,0.02,0.02,0.35,0.27,1.0,0.76,0.55,0.88,6.0,5.7,6.7,0.11,6.8,11.4,1,0.76,1,0,0.0,2,1,0.76,19,14.62,0,6.95,345.0,3.0
25,Charalampos Kostoulas,Brighton,FWD,280,84.0,5.5,1,1.17,0.38,1.21,0.39,0.04,0,0.06,0.02,0.06,0.02,3.0,0.96,1.22,1.23,18.0,12.8,12.9,0.4,12.9,7.4,0,0.0,4,3,0.96,9,1,0.32,23,7.45,1,6.85,138.0,4.0
26,Liam Delap,Nott'm Forest,FWD,187,82.0,5.5,1,0.76,0.37,0.14,0.07,-0.62,0,0.14,0.07,0.52,0.25,1.0,0.48,0.9,1.28,8.0,7.5,8.6,0.79,8.6,7.7,1,0.48,1,1,0.48,8,4,1.93,9,4.33,0,6.7,167.0,4.0
27,Morgan Rogers,Chelsea,MID,349,87.0,7.7,3,1.38,0.36,1.46,0.38,0.08,1,1.17,0.3,1.39,0.36,4.0,1.03,2.55,2.78,27.0,19.4,20.1,0.89,21.0,14.2,2,0.52,1,4,1.03,11,10,2.58,23,5.97,0,7.88,40.0,3.0
28,Dan Ndoye,Nott'm Forest,MID,262,64.0,5.5,1,1.05,0.36,0.68,0.23,-0.37,0,0.88,0.3,0.99,0.34,1.0,0.34,1.93,2.04,14.0,16.9,17.2,1.24,17.4,7.9,2,0.69,2,2,0.69,8,3,1.03,19,6.63,0,6.8,483.0,3.0
29,Dominic Solanke,Spurs,FWD,112,62.0,5.9,0,0.44,0.35,0.0,0.0,-0.44,0,0.01,0.01,0.0,0.0,0.0,0.0,0.45,0.44,5.0,6.8,6.8,0.33,6.8,9.6,0,0.0,1,1,0.8,3,0,0.0,3,2.57,0,6.3,526.0,4.0
30,Patrick Dorgu,Man Utd,MID,165,68.0,5.8,0,0.65,0.35,0.3,0.16,-0.35,0,0.07,0.04,0.11,0.06,0.0,0.0,0.73,0.76,6.0,9.5,9.6,0.33,9.9,8.2,0,0.0,2,1,0.55,5,2,1.09,18,9.82,0,6.13,415.0,3.0
31,Jack Rudoni,Coventry City,MID,227,68.0,5.0,0,0.82,0.33,1.67,0.66,0.85,0,0.92,0.36,0.63,0.25,0.0,0.0,1.74,1.46,8.0,14.9,14.0,0.67,13.7,13.9,0,0.0,3,3,1.19,5,8,3.17,21,8.44,0,6.98,183.0,3.0
32,Dominik Szoboszlai,Liverpool,MID,360,90.0,7.0,1,1.29,0.32,2.3,0.57,1.01,0,0.76,0.19,1.61,0.4,1.0,0.25,2.09,2.9,18.0,21.9,24.3,1.28,23.6,20.0,3,0.75,0,5,1.25,11,11,2.75,35,8.75,0,7.23,368.0,3.0
33,Joshua King,Fulham,MID,347,86.0,5.5,2,1.17,0.3,0.95,0.25,-0.22,0,0.43,0.11,0.6,0.16,2.0,0.52,1.59,1.76,22.0,19.1,19.6,0.66,19.3,16.3,1,0.26,1,5,1.3,11,4,1.04,23,5.98,0,7.1,268.0,3.0
34,Cole Palmer,Chelsea,MID,353,88.0,9.7,2,1.19,0.3,0.64,0.16,-0.55,2,0.61,0.16,1.47,0.37,4.0,1.02,1.79,2.65,26.0,17.7,20.3,0.89,21.2,18.6,3,0.76,1,5,1.27,15,9,2.29,23,5.88,0,7.58,154.0,3.0
35,Justin Kluivert,Bournemouth,MID,298,74.0,6.0,1,0.98,0.3,2.29,0.69,1.31,0,0.08,0.02,0.16,0.05,1.0,0.3,1.07,1.15,15.0,15.2,15.4,1.36,14.8,13.9,0,0.0,1,6,1.81,10,3,0.91,22,6.73,0,6.78,70.0,3.0
36,Martin Ødegaard,Arsenal,MID,309,76.0,6.7,2,1.0,0.29,0.38,0.11,-0.62,0,1.3,0.38,1.82,0.53,2.0,0.58,2.31,2.83,27.0,26.0,27.5,2.38,26.9,26.5,3,0.87,0,2,0.58,6,12,3.5,21,6.2,0,8.0,15.0,3.0
37,Keane Lewis-Potter,Brentford,MID,328,82.0,5.5,1,1.05,0.29,0.82,0.22,-0.23,1,0.78,0.21,0.8,0.22,2.0,0.55,1.84,1.86,19.0,18.6,18.7,1.15,18.8,11.8,1,0.27,1,1,0.27,7,6,1.65,29,8.01,0,6.65,86.0,3.0
38,Joe Willock,Newcastle,MID,168,66.0,5.0,1,0.53,0.28,0.79,0.42,0.26,0,0.2,0.11,0.4,0.21,1.0,0.54,0.72,0.92,11.0,9.2,9.8,0.58,9.4,8.6,1,0.54,1,1,0.54,6,1,0.54,8,4.34,0,6.8,460.0,3.0
39,Roméo Lavia,Chelsea,MID,262,64.0,5.0,1,0.75,0.26,1.3,0.45,0.55,0,0.11,0.04,0.12,0.04,1.0,0.34,0.86,0.87,11.0,10.1,10.1,0.89,11.0,14.8,0,0.0,1,2,0.69,2,2,0.69,31,10.81,0,6.95,161.0,3.0
40,Daizen Maeda,Ipswich Town,MID,246,72.0,5.4,0,0.72,0.26,0.22,0.08,-0.5,0,0.01,0.0,0.0,0.0,0.0,0.0,0.72,0.71,7.0,10.6,10.6,1.03,11.6,9.9,0,0.0,1,2,0.73,3,0,0.0,19,7.04,0,6.13,562.0,3.0
41,Kevin Schade,Brentford,MID,358,89.0,6.0,3,0.98,0.25,1.17,0.29,0.19,0,0.3,0.08,0.22,0.06,3.0,0.75,1.28,1.2,30.0,20.8,20.6,1.15,20.8,14.3,0,0.0,0,5,1.26,10,3,0.75,27,6.81,1,7.58,94.0,3.0
42,Jack Clarke,Ipswich Town,MID,106,62.0,5.4,1,0.3,0.25,1.37,1.16,1.07,0,0.04,0.03,0.1,0.08,1.0,0.85,0.34,0.4,9.0,5.6,5.8,0.54,6.3,17.0,0,0.0,0,2,1.7,4,2,1.7,6,5.14,0,6.93,313.0,3.0
43,Julio Enciso,Ipswich Town,MID,341,85.0,5.5,0,0.92,0.24,0.96,0.25,0.04,2,0.85,0.22,1.07,0.28,2.0,0.53,1.76,1.99,13.0,14.1,14.8,1.56,16.4,14.3,2,0.53,1,3,0.79,14,5,1.32,26,6.88,0,6.93,591.0,3.0
44,Rayan Cherki,Man City,MID,220,64.0,7.8,2,0.59,0.24,1.49,0.61,0.9,2,1.41,0.58,1.76,0.72,4.0,1.64,2.0,2.35,26.0,17.2,18.2,0.77,18.0,25.0,3,1.23,0,3,1.23,7,10,4.09,7,2.89,0,7.45,399.0,3.0
45,Kai Havertz,Arsenal,FWD,348,87.0,7.6,2,0.89,0.23,2.17,0.56,1.28,0,0.34,0.09,0.33,0.09,2.0,0.52,1.24,1.22,17.0,13.6,13.6,2.38,13.6,7.5,0,0.0,1,5,1.29,8,5,1.29,10,2.59,0,6.95,26.0,4.0
46,Ephron Mason-Clark,Coventry City,MID,189,62.0,5.4,0,0.49,0.23,0.23,0.11,-0.26,0,0.06,0.03,0.06,0.03,0.0,0.0,0.56,0.55,4.0,6.7,6.6,0.18,6.8,6.2,0,0.0,0,2,0.95,3,1,0.48,13,6.29,0,6.4,186.0,3.0
47,Emiliano Buendía,Aston Villa,MID,314,78.0,5.9,0,0.78,0.22,0.0,0.0,-0.78,0,0.17,0.05,0.14,0.04,0.0,0.0,0.95,0.92,9.0,13.4,13.3,1.04,13.3,6.6,0,0.0,1,0,0.0,6,2,0.57,19,5.5,0,6.35,41.0,3.0
48,Rayan,Bournemouth,MID,350,87.0,6.4,0,0.86,0.22,0.67,0.17,-0.19,0,0.08,0.02,0.11,0.03,0.0,0.0,0.95,0.98,8.0,12.6,12.7,1.36,14.1,7.2,0,0.0,3,4,1.03,12,2,0.51,11,2.85,0,6.35,67.0,3.0
49,Oli McBurnie,Hull City,FWD,352,88.0,5.5,0,0.87,0.22,0.76,0.19,-0.11,1,0.12,0.03,0.26,0.07,2.0,0.51,0.98,1.13,12.0,9.8,10.3,0.98,10.3,7.4,0,0.0,3,3,0.77,6,5,1.28,15,3.85,0,6.75,295.0,4.0
50,Yasin Ayari,Brighton,MID,244,81.0,5.4,1,0.59,0.22,1.08,0.4,0.49,0,0.1,0.04,0.12,0.04,1.0,0.37,0.69,0.71,12.0,10.2,10.3,1.1,9.4,17.0,0,0.0,0,3,1.11,8,2,0.74,14,5.19,0,7.0,129.0,3.0
51,Florian Wirtz,Liverpool,MID,332,83.0,7.4,0,0.77,0.21,0.67,0.18,-0.1,1,0.35,0.09,0.37,0.1,1.0,0.27,1.13,1.15,12.0,13.9,14.0,1.28,13.3,15.7,0,0.0,0,3,0.81,10,6,1.63,28,7.59,0,6.58,366.0,3.0
52,Diego Gómez,Brighton,MID,350,87.0,5.0,0,0.79,0.2,1.19,0.31,0.4,1,0.76,0.2,1.05,0.27,2.0,0.51,1.55,1.84,16.0,16.2,17.1,1.15,16.2,11.1,2,0.51,2,4,1.03,14,5,1.29,23,5.95,0,6.88,127.0,3.0
53,Víctor Muñoz,Liverpool,MID,241,71.0,6.5,1,0.51,0.19,0.89,0.33,0.38,0,0.26,0.1,0.12,0.04,2.0,0.75,0.77,0.64,14.0,9.3,9.0,1.07,9.1,9.7,0,0.0,1,2,0.75,7,1,0.37,13,4.9,1,7.03,377.0,3.0
54,Evanilson,Bournemouth,FWD,335,84.0,6.0,0,0.71,0.19,0.0,0.0,-0.71,3,0.51,0.14,1.31,0.35,3.0,0.81,1.22,2.02,16.0,11.4,13.8,1.36,13.8,7.3,3,0.81,4,0,0.0,6,6,1.61,22,5.93,0,6.68,79.0,4.0
55,John McGinn,Aston Villa,MID,352,88.0,5.4,0,0.76,0.19,0.0,0.0,-0.76,1,0.2,0.05,0.49,0.13,1.0,0.26,0.97,1.26,11.0,12.4,13.3,1.04,13.3,9.5,1,0.26,1,0,0.0,4,3,0.77,24,6.15,0,6.38,45.0,3.0
56,Bradley Barcola,Liverpool,MID,98,71.0,8.0,0,0.21,0.19,0.0,0.0,-0.21,0,0.1,0.09,0.12,0.11,0.0,0.0,0.31,0.33,4.0,5.3,5.4,0.5,4.9,12.9,0,0.0,1,0,0.0,1,2,1.84,5,4.64,0,6.65,627.0,3.0
57,Pedro Neto,Chelsea,MID,249,77.0,6.5,1,0.51,0.18,0.61,0.22,0.1,0,0.53,0.19,0.68,0.25,1.0,0.36,1.05,1.2,12.0,11.2,11.6,0.62,12.2,18.1,1,0.36,1,3,1.08,5,5,1.81,22,8.05,0,6.9,156.0,3.0
58,Brian Brobbey,Sunderland,FWD,311,77.0,5.8,0,0.59,0.17,0.0,0.0,-0.59,0,0.08,0.02,0.5,0.14,0.0,0.0,0.66,1.09,7.0,9.6,10.9,1.0,10.9,6.1,1,0.29,1,1,0.29,6,4,1.16,11,3.2,0,6.33,552.0,4.0
59,Kiernan Dewsbury-Hall,Everton,MID,359,90.0,6.5,1,0.62,0.16,0.64,0.16,0.02,0,0.49,0.12,0.84,0.21,1.0,0.25,1.11,1.46,17.0,16.6,17.6,1.26,16.9,20.6,1,0.25,1,5,1.25,12,9,2.26,35,8.75,0,7.43,236.0,3.0
60,Jørgen Strand Larsen,Crystal Palace,FWD,219,72.0,6.0,1,0.39,0.16,0.25,0.1,-0.14,0,0.03,0.01,0.05,0.02,1.0,0.41,0.42,0.44,12.0,9.7,9.7,0.3,9.7,14.4,0,0.0,1,3,1.23,5,1,0.41,10,4.15,0,7.03,222.0,4.0
61,Anton Stach,Leeds,MID,270,90.0,6.0,1,0.49,0.16,0.46,0.15,-0.03,0,0.16,0.05,0.14,0.05,1.0,0.33,0.65,0.63,19.0,16.9,16.9,0.82,16.7,13.0,0,0.0,1,2,0.67,5,2,0.67,38,12.67,0,7.17,335.0,3.0
62,Youri Tielemans,Man Utd,MID,314,78.0,5.9,0,0.55,0.16,0.46,0.13,-0.09,0,0.31,0.09,0.36,0.1,0.0,0.0,0.87,0.92,10.0,13.7,13.9,1.19,15.1,20.4,0,0.0,1,3,0.86,6,6,1.72,30,8.65,0,7.15,43.0,3.0
63,Matheus Cunha,Man Utd,MID,320,79.0,7.9,0,0.57,0.16,0.21,0.06,-0.36,1,0.45,0.13,0.95,0.27,2.0,0.56,1.02,1.53,16.0,14.2,15.8,1.19,16.0,12.7,2,0.56,0,2,0.56,10,5,1.41,10,2.84,1,6.45,428.0,3.0
64,Anthony Elanga,Newcastle,MID,235,77.0,6.2,2,0.42,0.16,0.65,0.25,0.23,0,0.34,0.13,0.58,0.22,2.0,0.77,0.76,1.0,18.0,11.1,11.8,0.63,11.4,13.4,1,0.38,0,3,1.15,4,4,1.53,9,3.49,0,7.4,454.0,3.0
65,Enzo Fernández,Man City,MID,183,78.0,6.9,0,0.31,0.15,0.2,0.1,-0.11,0,0.26,0.13,0.51,0.25,0.0,0.0,0.59,0.83,6.0,8.4,9.1,0.62,7.7,20.7,1,0.49,0,1,0.49,4,3,1.48,16,7.96,0,6.97,155.0,3.0
66,Rio Ngumoha,Liverpool,MID,100,62.0,5.8,0,0.15,0.14,0.0,0.0,-0.15,0,0.05,0.04,0.02,0.02,0.0,0.0,0.2,0.17,4.0,4.9,4.8,0.21,5.0,11.7,0,0.0,1,0,0.0,2,0,0.0,4,3.64,0,6.43,369.0,3.0
67,Brandon Thomas-Asante,Coventry City,FWD,138,69.0,5.0,0,0.21,0.14,0.55,0.36,0.34,0,0.05,0.03,0.02,0.01,0.0,0.0,0.26,0.23,5.0,6.0,5.9,0.15,5.9,17.6,0,0.0,0,2,1.3,2,0,0.0,11,7.23,0,6.45,194.0,4.0
68,Yéremy Pino,Crystal Palace,MID,229,64.0,5.5,0,0.36,0.14,0.0,0.0,-0.36,0,0.4,0.16,1.23,0.48,2.0,0.79,0.76,1.59,12.0,9.0,11.5,0.15,11.6,16.5,3,1.18,1,0,0.0,4,5,1.97,21,8.36,0,6.78,211.0,3.0
69,Cody Gakpo,Liverpool,MID,281,83.0,7.2,1,0.44,0.14,0.38,0.12,-0.06,3,1.21,0.39,1.02,0.33,4.0,1.28,1.66,1.46,29.0,20.9,20.3,0.78,20.1,17.6,1,0.32,0,1,0.32,8,8,2.56,27,8.68,0,7.2,367.0,3.0
70,Alex Scott,Bournemouth,MID,356,89.0,6.1,1,0.51,0.13,0.84,0.21,0.33,0,0.35,0.09,0.46,0.12,3.0,0.76,0.87,0.98,28.0,20.7,21.0,1.36,21.4,19.2,0,0.0,1,1,0.25,5,8,2.02,52,13.15,0,7.23,69.0,3.0
71,Omar Marmoush,Spurs,FWD,251,83.0,7.0,0,0.35,0.13,0.21,0.08,-0.14,0,0.1,0.04,0.21,0.08,0.0,0.0,0.47,0.57,6.0,7.8,8.1,1.21,8.1,10.4,0,0.0,0,1,0.36,6,4,1.43,9,3.25,0,6.73,401.0,4.0
72,Vitaly Janelt,Brentford,MID,360,90.0,5.0,2,0.5,0.12,1.16,0.29,0.66,0,0.4,0.1,0.34,0.08,2.0,0.5,0.9,0.84,25.0,18.7,18.5,1.15,18.6,15.0,0,0.0,0,2,0.5,3,5,1.25,55,13.75,0,7.43,98.0,3.0
73,Marcus Rashford,Man Utd,MID,278,77.0,7.0,0,0.37,0.12,0.36,0.12,-0.01,0,0.3,0.1,0.49,0.16,0.0,0.0,0.68,0.87,8.0,10.8,11.4,0.82,11.2,13.9,0,0.0,1,2,0.65,7,9,2.91,16,5.24,0,6.75,429.0,3.0
74,Mamadou Sangare,Brentford,MID,301,75.0,5.7,0,0.41,0.12,0.18,0.05,-0.23,1,0.65,0.19,0.67,0.2,2.0,0.6,1.06,1.08,22.0,20.0,20.1,0.97,20.1,17.3,1,0.3,0,1,0.3,6,4,1.2,45,13.5,0,7.0,565.0,3.0
75,Nicolas Jackson,Aston Villa,FWD,201,66.0,6.5,0,0.24,0.11,0.0,0.0,-0.24,0,0.58,0.26,0.52,0.23,0.0,0.0,0.82,0.76,4.0,6.7,6.5,0.92,6.5,9.4,1,0.45,0,0,0.0,2,1,0.45,5,2.26,0,6.7,166.0,4.0
76,Brennan Johnson,Everton,MID,183,70.0,5.9,0,0.22,0.11,0.0,0.0,-0.22,0,0.22,0.11,0.24,0.12,0.0,0.0,0.43,0.45,6.0,7.7,7.8,1.0,7.8,9.8,0,0.0,0,0,0.0,2,4,1.97,18,9.36,0,6.48,209.0,3.0
77,Loum Tchaouna,Coventry City,MID,168,70.0,5.4,0,0.2,0.11,0.37,0.2,0.17,0,0.19,0.1,0.19,0.1,0.0,0.0,0.37,0.38,4.0,5.5,5.5,0.15,5.6,14.5,0,0.0,0,1,0.54,5,3,1.61,15,8.13,0,6.7,190.0,3.0
78,Ross Barkley,Aston Villa,MID,305,76.0,5.0,0,0.38,0.11,0.17,0.05,-0.21,0,0.14,0.04,0.31,0.09,0.0,0.0,0.52,0.69,9.0,11.3,11.8,1.04,11.8,18.6,0,0.0,0,1,0.3,7,6,1.77,24,7.15,0,6.78,46.0,3.0
79,Noah Sadiki,Sunderland,MID,344,86.0,4.9,0,0.4,0.1,0.24,0.06,-0.16,0,0.24,0.06,0.5,0.13,0.0,0.0,0.63,0.9,8.0,10.7,11.5,1.0,11.5,17.3,1,0.26,2,3,0.78,6,3,0.78,26,6.82,0,6.85,545.0,3.0
80,Oscar Bobb,Fulham,MID,277,68.0,5.5,0,0.32,0.1,0.15,0.05,-0.17,0,1.06,0.34,0.97,0.32,0.0,0.0,1.37,1.29,10.0,14.8,14.5,0.66,13.2,15.3,1,0.32,0,1,0.32,3,8,2.6,22,7.25,0,6.85,264.0,3.0
81,Mohamed Belloumi,Hull City,MID,315,78.0,5.0,2,0.36,0.1,0.71,0.2,0.35,1,0.12,0.03,0.47,0.13,3.0,0.86,0.49,0.84,27.0,16.2,17.3,0.98,15.3,12.6,1,0.29,0,3,0.86,8,3,0.86,33,9.52,0,7.25,286.0,3.0
82,Tyrique George,Everton,MID,301,74.0,5.5,1,0.31,0.09,0.53,0.16,0.22,0,0.3,0.09,0.7,0.21,1.0,0.3,0.63,1.02,18.0,15.5,16.7,1.26,16.0,16.4,1,0.3,0,2,0.6,9,7,2.09,16,4.83,0,7.2,242.0,3.0
83,Jaidon Anthony,Brentford,MID,189,60.0,5.9,0,0.19,0.09,0.0,0.0,-0.19,0,0.52,0.25,0.42,0.2,0.0,0.0,0.71,0.61,5.0,7.5,7.2,0.41,6.6,13.3,0,0.0,0,0,0.0,4,6,2.86,24,11.55,0,6.7,105.0,3.0
84,Iliman Ndiaye,Man City,MID,312,89.0,5.9,0,0.28,0.08,0.6,0.17,0.32,1,0.44,0.13,0.65,0.19,1.0,0.29,0.72,0.93,17.0,16.7,17.4,0.25,15.6,20.2,1,0.29,0,3,0.87,5,5,1.44,40,11.58,0,7.05,237.0,3.0
85,Kobbie Mainoo,Man Utd,MID,277,84.0,5.5,0,0.24,0.08,0.0,0.0,-0.24,1,0.43,0.14,0.35,0.11,1.0,0.32,0.66,0.59,18.0,17.5,17.2,0.82,18.0,24.0,0,0.0,0,0,0.0,5,5,1.62,44,14.4,0,7.38,432.0,3.0
86,Georginio Rutter,Brighton,FWD,90,90.0,5.4,0,0.08,0.08,0.0,0.0,-0.08,1,0.44,0.44,0.47,0.47,1.0,1.0,0.52,0.55,5.0,3.6,3.7,0.75,3.7,13.0,1,1.0,0,0,0.0,2,1,1.0,7,7.0,0,7.6,125.0,4.0
87,Mathys Tel,Spurs,MID,259,77.0,5.8,0,0.2,0.07,0.29,0.1,0.09,0,0.23,0.08,0.2,0.07,0.0,0.0,0.44,0.41,8.0,9.7,9.6,0.91,9.5,14.2,0,0.0,0,1,0.35,6,3,1.04,13,4.55,0,6.38,514.0,3.0
88,Ibrahim Sangaré,Nott'm Forest,MID,98,90.0,4.9,0,0.08,0.07,0.0,0.0,-0.08,0,0.01,0.01,0.05,0.05,0.0,0.0,0.11,0.14,3.0,3.5,3.6,0.63,4.2,11.0,0,0.0,0,0,0.0,2,1,0.92,8,7.35,0,6.7,488.0,3.0
89,Harvey Barnes,Newcastle,MID,269,90.0,6.0,1,0.22,0.07,0.83,0.28,0.61,0,0.06,0.02,0.11,0.04,2.0,0.67,0.28,0.33,17.0,10.3,10.4,0.63,10.0,10.4,0,0.0,0,1,0.33,4,2,0.67,18,6.0,0,6.9,453.0,3.0
90,Sávio,Spurs,MID,151,75.0,6.5,0,0.12,0.07,0.0,0.0,-0.12,0,0.53,0.32,0.68,0.41,0.0,0.0,0.65,0.8,6.0,8.2,8.6,0.73,7.3,22.1,1,0.6,0,0,0.0,3,5,2.98,6,3.6,0,7.2,403.0,3.0
91,Quinten Timber,Crystal Palace,MID,164,82.0,5.0,0,0.12,0.07,0.06,0.03,-0.06,0,0.04,0.02,0.01,0.01,0.0,0.0,0.15,0.13,6.0,6.7,6.6,0.23,6.8,17.6,0,0.0,0,1,0.55,3,0,0.0,22,12.15,0,7.2,644.0,3.0
92,Christos Tzolis,Arsenal,MID,292,72.0,6.4,0,0.19,0.06,0.04,0.01,-0.15,1,0.48,0.15,0.8,0.25,2.0,0.62,0.67,0.99,14.0,10.4,11.4,1.66,11.1,16.6,1,0.31,0,2,0.62,4,8,2.47,20,6.21,0,7.03,557.0,3.0
93,Mikkel Damsgaard,Brentford,MID,199,76.0,5.5,0,0.12,0.05,0.06,0.03,-0.06,0,0.45,0.2,0.7,0.32,1.0,0.45,0.58,0.83,13.0,12.0,12.8,0.41,12.2,22.6,1,0.45,0,1,0.45,3,6,2.71,21,9.59,0,7.18,96.0,3.0
94,Mateus Fernandes,Spurs,MID,211,76.0,5.8,0,0.12,0.05,0.03,0.01,-0.09,0,0.26,0.11,0.89,0.38,0.0,0.0,0.38,1.01,6.0,7.4,9.3,0.82,9.1,20.5,2,0.85,0,1,0.43,4,5,2.13,14,6.18,0,6.8,525.0,3.0
95,Ryan Gravenberch,Liverpool,MID,183,68.0,5.9,0,0.11,0.05,0.0,0.0,-0.11,1,0.07,0.03,0.15,0.07,1.0,0.49,0.17,0.25,8.0,5.7,6.0,0.7,6.7,19.2,0,0.0,0,0,0.0,3,3,1.48,24,11.93,0,6.78,371.0,3.0
96,Dango Ouattara,Brentford,MID,171,56.0,6.4,0,0.09,0.05,0.0,0.0,-0.09,0,0.39,0.21,0.64,0.34,0.0,0.0,0.48,0.73,6.0,7.6,8.4,0.57,8.0,16.8,1,0.53,0,0,0.0,4,5,2.63,28,14.82,0,6.73,95.0,3.0
97,Myles Lewis-Skelly,Arsenal,MID,273,68.0,5.5,0,0.16,0.05,0.0,0.0,-0.16,0,0.23,0.08,0.16,0.05,0.0,0.0,0.39,0.32,9.0,10.5,10.3,2.21,10.5,12.2,0,0.0,0,0,0.0,3,2,0.66,14,4.65,0,6.9,7.0,3.0
98,Sandro Tonali,Spurs,MID,345,86.0,5.4,0,0.18,0.05,0.17,0.04,-0.01,0,0.4,0.1,0.55,0.14,0.0,0.0,0.58,0.73,12.0,14.1,14.6,1.24,13.8,17.7,1,0.26,0,1,0.26,5,3,0.78,31,8.11,0,7.08,455.0,3.0
99,Alex Iwobi,Fulham,MID,340,84.0,5.4,0,0.2,0.05,0.0,0.0,-0.2,0,0.81,0.21,0.76,0.2,0.0,0.0,1.01,0.96,9.0,12.4,12.3,0.66,12.0,17.7,1,0.26,0,0,0.0,4,5,1.32,22,5.86,0,7.05,261.0,3.0
100,Nilson Angulo,Sunderland,MID,258,64.0,5.0,1,0.15,0.05,0.27,0.09,0.12,0,0.13,0.05,0.08,0.03,1.0,0.35,0.27,0.23,12.0,8.1,8.0,0.84,7.8,12.6,0,0.0,0,1,0.35,2,1,0.35,20,7.09,0,6.8,551.0,3.0
101,Noah Okafor,Leeds,MID,155,64.0,5.8,0,0.08,0.05,0.0,0.0,-0.08,0,0.18,0.1,0.1,0.06,0.0,0.0,0.26,0.18,6.0,6.9,6.7,0.3,6.0,17.4,0,0.0,0,0,0.0,2,1,0.58,7,4.12,0,6.77,336.0,3.0
102,Shea Charles,Fulham,MID,214,84.0,5.0,0,0.09,0.04,0.0,0.0,-0.09,0,0.14,0.06,0.18,0.08,0.0,0.0,0.23,0.27,9.0,9.9,10.0,0.42,9.4,18.5,0,0.0,0,0,0.0,2,3,1.26,33,13.94,0,6.78,580.0,3.0
103,Yehor Yarmoliuk,Brentford,MID,149,59.0,4.9,0,0.07,0.04,0.0,0.0,-0.07,1,0.25,0.15,0.46,0.28,1.0,0.6,0.31,0.53,6.0,4.1,4.7,0.17,4.9,13.3,1,0.6,0,0,0.0,2,2,1.21,16,9.73,0,6.48,102.0,3.0
104,Antoine Semenyo,Man City,MID,360,90.0,8.4,0,0.18,0.04,0.36,0.09,0.18,2,0.99,0.25,1.2,0.3,2.0,0.5,1.16,1.37,16.0,13.8,14.4,1.66,14.1,16.0,2,0.5,0,2,0.5,5,7,1.75,15,3.75,0,6.58,397.0,3.0
105,Xaver Schlager,Nott'm Forest,MID,286,90.0,5.0,0,0.14,0.04,0.19,0.06,0.05,0,0.09,0.03,0.07,0.02,0.0,0.0,0.22,0.21,11.0,11.9,11.9,0.96,11.9,17.0,0,0.0,1,1,0.31,4,1,0.31,42,13.22,0,7.03,558.0,3.0
106,James McAtee,Nott'm Forest,MID,335,84.0,5.5,0,0.16,0.04,0.05,0.01,-0.11,0,1.01,0.27,1.39,0.37,0.0,0.0,1.08,1.55,10.0,13.6,15.0,1.59,14.6,19.9,2,0.54,0,2,0.54,5,11,2.96,35,9.43,0,7.13,486.0,3.0
107,Alexis Mac Allister,Liverpool,MID,218,80.0,5.4,0,0.1,0.04,0.04,0.02,-0.06,0,0.44,0.18,0.27,0.11,0.0,0.0,0.54,0.37,6.0,7.8,7.3,0.57,6.9,16.5,0,0.0,0,1,0.41,3,3,1.24,28,11.67,0,6.9,372.0,3.0
108,Hayden Hackney,Everton,MID,137,78.0,5.5,0,0.05,0.03,0.0,0.0,-0.05,1,0.13,0.09,0.22,0.14,1.0,0.66,0.18,0.27,9.0,6.6,6.9,0.14,6.0,17.7,0,0.0,0,0,0.0,2,4,2.63,12,7.94,0,6.8,247.0,3.0
109,Declan Rice,Arsenal,MID,324,80.0,7.4,0,0.1,0.03,0.0,0.0,-0.1,2,0.62,0.17,0.75,0.21,2.0,0.56,0.73,0.85,19.0,15.4,15.8,2.38,15.2,16.7,1,0.28,0,0,0.0,3,6,1.67,34,9.53,0,7.55,13.0,3.0
110,Archie Gray,Spurs,MID,239,79.0,4.9,0,0.09,0.03,0.0,0.0,-0.09,0,0.04,0.02,0.01,0.0,0.0,0.0,0.13,0.1,7.0,7.6,7.5,0.84,7.3,13.9,0,0.0,0,0,0.0,2,0,0.0,22,8.39,0,6.47,522.0,3.0
111,Adam Wharton,Crystal Palace,MID,347,86.0,5.5,0,0.08,0.02,0.0,0.0,-0.08,0,0.36,0.09,0.92,0.24,0.0,0.0,0.44,1.0,10.0,11.5,13.2,0.67,13.9,16.6,2,0.52,0,0,0.0,1,5,1.3,34,8.84,0,6.93,210.0,3.0
112,Caleb Yirenkyi,Coventry City,MID,177,66.0,4.9,0,0.03,0.02,0.0,0.0,-0.03,0,0.14,0.07,0.13,0.07,0.0,0.0,0.17,0.16,6.0,6.6,6.5,0.64,6.1,13.2,0,0.0,0,0,0.0,1,2,1.02,16,8.23,0,6.43,575.0,3.0
113,Marcelino Núñez,Ipswich Town,MID,142,70.0,5.0,0,0.03,0.02,0.0,0.0,-0.03,0,0.06,0.04,0.06,0.04,0.0,0.0,0.08,0.09,6.0,6.3,6.3,0.53,6.8,20.3,0,0.0,0,0,0.0,1,1,0.63,21,13.5,0,6.9,309.0,3.0
114,Matt Grimes,Coventry City,MID,354,88.0,4.9,0,0.09,0.02,0.0,0.0,-0.09,0,0.08,0.02,0.07,0.02,0.0,0.0,0.17,0.17,8.0,8.7,8.7,0.82,9.5,11.4,0,0.0,0,0,0.0,3,1,0.25,28,7.14,0,6.8,184.0,3.0
115,Elliot Stroud,Hull City,MID,253,62.0,5.0,0,0.07,0.02,0.0,0.0,-0.07,0,0.04,0.01,0.06,0.02,0.0,0.0,0.11,0.12,7.0,7.5,7.5,0.71,6.2,6.0,0,0.0,0,0,0.0,3,1,0.36,20,7.23,0,6.5,576.0,3.0
116,Harrison Armstrong,Everton,MID,356,89.0,5.0,0,0.09,0.02,0.0,0.0,-0.09,1,0.12,0.03,0.42,0.11,1.0,0.25,0.21,0.51,14.0,11.8,12.7,1.26,12.0,9.9,1,0.25,0,0,0.0,2,2,0.51,35,8.85,0,6.53,244.0,3.0
117,Elliot Anderson,Man City,MID,325,81.0,6.3,0,0.09,0.02,0.19,0.05,0.1,0,0.65,0.18,0.92,0.25,0.0,0.0,0.74,1.01,13.0,15.4,16.2,1.66,15.9,22.2,2,0.55,0,1,0.28,3,3,0.83,44,12.26,0,7.55,481.0,3.0
118,Regan Slater,Hull City,MID,360,90.0,4.5,0,0.08,0.02,0.08,0.02,0.0,1,0.57,0.14,0.94,0.24,1.0,0.25,0.64,1.02,13.0,12.1,13.2,0.98,11.2,12.2,2,0.5,0,2,0.5,3,4,1.0,30,7.5,0,7.0,290.0,3.0
119,George Hemmings,Aston Villa,MID,281,70.0,4.5,0,0.07,0.02,0.08,0.03,0.01,0,0.16,0.05,0.48,0.15,0.0,0.0,0.23,0.55,8.0,8.8,9.8,0.94,9.7,10.2,1,0.32,0,1,0.32,1,3,0.96,19,6.13,0,6.38,51.0,3.0
120,Granit Xhaka,Sunderland,MID,360,90.0,5.5,0,0.06,0.02,0.0,0.0,-0.06,0,0.94,0.24,1.62,0.4,1.0,0.25,1.0,1.68,19.0,19.1,21.2,1.0,21.2,20.5,3,0.75,0,0,0.0,1,10,2.5,46,11.5,0,7.63,544.0,3.0
121,Lewis Miley,Newcastle,MID,229,76.0,5.5,0,0.05,0.02,0.0,0.0,-0.05,0,0.07,0.03,0.15,0.06,0.0,0.0,0.12,0.2,8.0,8.5,8.7,0.63,8.3,15.7,0,0.0,0,0,0.0,1,3,1.18,26,10.31,0,6.93,459.0,3.0
122,James Garner,Everton,MID,240,76.0,6.0,0,0.04,0.02,0.12,0.04,0.08,0,0.13,0.05,0.17,0.06,0.0,0.0,0.17,0.21,8.0,8.6,8.7,1.12,8.8,21.4,0,0.0,0,1,0.38,1,3,1.12,36,13.61,0,7.13,239.0,3.0
123,Conor Gallagher,Spurs,MID,128,64.0,5.4,0,0.02,0.01,0.0,0.0,-0.02,0,0.12,0.08,0.04,0.03,0.0,0.0,0.14,0.06,3.0,3.5,3.2,0.4,2.6,16.9,0,0.0,0,0,0.0,1,0,0.0,14,9.84,0,6.85,519.0,3.0
124,Brenden Aaronson,Leeds,MID,155,63.0,5.4,0,0.01,0.01,0.03,0.02,0.02,0,0.01,0.01,0.0,0.0,0.0,0.0,0.03,0.01,5.0,5.1,5.0,0.52,4.5,15.7,0,0.0,0,1,0.58,1,0,0.0,10,5.84,0,6.5,337.0,3.0
125,Harry Wilson,Leeds,MID,128,65.0,6.3,0,0.01,0.01,0.0,0.0,-0.01,0,0.07,0.05,0.2,0.14,0.0,0.0,0.07,0.21,4.0,4.2,4.6,0.52,4.1,10.5,0,0.0,0,0,0.0,1,4,2.81,9,6.38,0,6.7,260.0,3.0
126,Saša Lukić,Ipswich Town,MID,330,82.0,5.0,0,0.02,0.01,0.0,0.0,-0.02,1,0.15,0.04,0.27,0.07,1.0,0.27,0.18,0.29,9.0,6.6,6.9,1.56,8.5,12.3,0,0.0,0,0,0.0,1,5,1.36,31,8.51,0,6.53,267.0,3.0
127,Daichi Kamada,Crystal Palace,MID,353,88.0,5.0,0,0.05,0.01,0.0,0.0,-0.05,3,0.35,0.09,0.97,0.25,3.0,0.76,0.4,1.02,18.0,10.3,12.2,0.67,12.9,17.8,2,0.51,0,0,0.0,1,6,1.53,28,7.18,0,7.13,214.0,3.0
128,Tyler Adams,Bournemouth,MID,194,78.0,5.0,0,0.03,0.01,0.09,0.04,0.06,0,0.04,0.02,0.06,0.03,0.0,0.0,0.06,0.09,8.0,8.2,8.3,1.1,9.4,18.1,0,0.0,0,1,0.46,1,1,0.46,28,13.12,0,6.63,73.0,3.0
129,Abdul Fatawu Issahaku,Ipswich Town,MID,290,72.0,5.5,0,0.03,0.01,0.0,0.0,-0.03,1,0.83,0.26,1.45,0.45,1.0,0.31,0.86,1.48,9.0,8.6,10.5,1.56,12.1,18.0,3,0.93,0,0,0.0,2,7,2.17,24,7.55,0,6.9,315.0,3.0
130,Rodrigo Bentancur,Spurs,MID,288,81.0,5.5,0,0.02,0.01,0.0,0.0,-0.02,0,0.08,0.02,0.07,0.02,0.0,0.0,0.1,0.09,11.0,11.3,11.3,1.21,10.5,16.9,0,0.0,0,0,0.0,1,1,0.31,43,13.48,0,6.65,516.0,3.0
131,Sander Berge,Fulham,MID,275,81.0,4.9,0,0.03,0.01,0.0,0.0,-0.03,0,0.34,0.11,0.62,0.2,0.0,0.0,0.37,0.65,8.0,9.2,10.0,0.52,9.5,16.7,1,0.33,0,0,0.0,1,5,1.64,17,5.6,0,6.7,265.0,3.0
132,Frank Onyeka,Coventry City,MID,226,75.0,4.9,0,0.03,0.01,0.23,0.09,0.2,0,0.02,0.01,0.01,0.0,0.0,0.0,0.05,0.04,6.0,6.2,6.2,0.33,6.5,9.6,0,0.0,0,1,0.4,1,0,0.0,19,7.63,0,6.53,104.0,3.0
133,Matt Crooks,Hull City,MID,159,79.0,4.5,0,0.0,0.0,0.0,0.0,0.0,0,0.01,0.01,0.0,0.0,0.0,0.0,0.0,0.0,3.0,3.0,3.0,0.56,2.6,6.2,0,0.0,0,0,0.0,0,0,0.0,19,10.82,0,6.7,289.0,3.0
134,Lewis Cook,Bournemouth,MID,166,72.0,5.0,0,0.0,0.0,0.0,0.0,0.0,0,0.02,0.01,0.05,0.03,0.0,0.0,0.01,0.05,7.0,7.0,7.2,0.26,5.5,11.9,0,0.0,0,0,0.0,0,1,0.54,12,6.55,0,6.58,71.0,3.0
135,Nico González,Newcastle,MID,148,73.0,5.5,0,0.0,0.0,0.0,0.0,0.0,0,0.21,0.13,0.2,0.12,0.0,0.0,0.21,0.2,4.0,4.6,4.6,0.58,4.2,12.2,0,0.0,0,0,0.0,0,3,1.82,11,6.78,0,6.5,405.0,3.0
136,Exequiel Palacios,Ipswich Town,MID,196,84.0,5.0,0,0.0,0.0,0.0,0.0,0.0,0,0.07,0.03,0.15,0.07,0.0,0.0,0.07,0.15,9.0,9.2,9.4,1.04,10.4,22.5,0,0.0,0,0,0.0,0,3,1.38,38,17.54,0,7.03,619.0,3.0
137,Lucas Gourna-Douath,Hull City,MID,127,81.0,5.0,0,0.0,0.0,0.0,0.0,0.0,0,0.02,0.01,0.09,0.06,0.0,0.0,0.02,0.09,3.0,3.1,3.3,0.15,2.4,9.2,0,0.0,0,0,0.0,0,2,1.42,16,11.43,0,6.85,589.0,3.0
138,Boubacar Kamara,Aston Villa,MID,360,90.0,5.0,0,0.0,0.0,0.0,0.0,0.0,0,0.15,0.04,0.18,0.04,0.0,0.0,0.15,0.18,9.0,9.4,9.5,1.04,9.5,14.8,0,0.0,0,0,0.0,0,3,0.75,30,7.5,0,6.78,47.0,3.0
139,Andrey Santos,Man Utd,MID,90,66.0,4.9,0,0.0,0.0,0.0,0.0,0.0,0,0.24,0.24,0.07,0.07,0.0,0.0,0.24,0.07,4.0,4.7,4.2,0.36,4.6,23.0,0,0.0,0,0,0.0,0,0,0.0,18,19.76,0,6.77,162.0,3.0
140,Ethan Ampadu,Leeds,MID,270,90.0,5.4,0,0.01,0.0,0.0,0.0,-0.01,0,0.14,0.05,0.18,0.06,0.0,0.0,0.15,0.19,9.0,9.5,9.6,0.82,9.4,14.3,0,0.0,0,0,0.0,1,3,1.0,34,11.33,0,6.9,338.0,3.0
141,Merlin Röhl,Everton,MID,251,83.0,5.0,0,0.0,0.0,0.0,0.0,0.0,0,0.19,0.07,0.44,0.16,0.0,0.0,0.2,0.44,6.0,6.6,7.3,0.76,7.1,12.5,1,0.36,0,0,0.0,0,2,0.72,24,8.67,0,6.77,246.0,3.0
