fpl_id,gw,mins,G,A,xG,xA,Pts,CS,dc,bps,starts,saves
1,1,90,0,0,0.0,0.0,6,1,0,24,1,1
4,1,90,0,0,0.05,0.01,5,1,4,21,1,0
7,1,90,0,0,0.06,0.11,3,1,7,15,1,0
8,1,80,0,1,0.04,0.09,9,1,5,31,1,0
9,1,9,0,0,0.0,0.0,1,0,0,3,0,0
10,1,90,0,1,0.18,0.21,11,1,5,37,1,0
11,1,90,0,0,0.0,0.0,6,1,6,27,1,0
12,1,67,1,0,0.64,0.08,9,1,7,36,1,0
13,1,67,0,0,0.07,0.08,3,1,6,10,1,0
14,1,14,0,0,0.04,0.0,1,0,2,4,0,0
15,1,75,1,0,0.21,0.1,11,1,8,41,1,0
16,1,22,0,0,0.0,0.04,1,0,2,8,0,0
17,1,14,0,0,0.14,0.02,1,0,2,5,0,0
19,1,22,0,0,0.0,0.02,1,0,3,3,0,0
26,1,90,1,0,0.26,0.03,6,1,2,34,1,0
29,1,90,0,0,0.0,0.0,1,0,0,1,1,3
32,1,90,0,0,0.0,0.0,-1,0,7,-8,1,0
33,1,16,0,0,0.0,0.0,1,0,1,5,0,0
34,1,73,0,0,0.0,0.0,0,0,5,-14,1,0
35,1,16,0,0,0.0,0.0,1,0,1,3,0,0
36,1,81,0,0,0.03,0.0,0,0,9,-9,1,0
37,1,90,0,0,0.0,0.0,-2,0,3,-13,1,0
40,1,81,1,0,0.96,0.1,8,0,7,37,1,0
41,1,85,0,0,0.13,0.09,2,0,7,4,1,0
42,1,27,0,0,0.03,0.02,1,0,1,3,0,0
43,1,66,0,0,0.04,0.11,2,0,5,13,1,0
45,1,81,0,0,0.04,0.01,1,0,6,8,1,0
46,1,73,0,0,0.1,0.02,2,0,1,11,1,0
47,1,90,0,0,0.0,0.0,2,0,7,9,1,0
51,1,90,0,0,0.0,0.0,2,0,5,12,1,0
52,1,8,0,0,0.0,0.0,1,0,3,5,0,0
54,1,39,0,0,0.0,0.01,-2,0,7,-2,1,0
57,1,90,0,0,0.0,0.0,2,0,0,13,1,4
60,1,90,0,0,0.0,0.0,1,0,6,0,1,0
61,1,90,0,0,0.0,0.0,1,0,7,0,1,0
64,1,90,0,0,0.0,0.0,1,0,5,4,1,0
67,1,88,0,0,0.04,0.03,2,0,1,9,1,0
68,1,90,1,0,0.4,0.08,10,0,8,32,1,0
69,1,90,0,0,0.0,0.01,2,0,11,17,1,0
70,1,74,0,0,0.11,0.0,3,1,9,15,1,0
71,1,75,0,0,0.0,0.0,3,1,7,8,1,0
72,1,1,0,0,0.0,0.0,1,0,1,3,0,0
73,1,15,0,0,0.0,0.0,1,0,3,4,0,0
76,1,15,0,0,0.0,0.0,1,0,2,5,0,0
79,1,74,0,1,0.0,0.21,4,1,8,17,1,0
82,1,90,0,0,0.0,0.01,7,1,0,34,1,4
84,1,90,0,0,0.34,0.04,6,1,3,21,1,0
86,1,90,1,0,0.77,0.12,10,1,10,37,1,0
87,1,90,0,0,0.11,0.02,8,1,10,29,1,0
88,1,75,1,0,0.5,0.0,13,1,4,36,1,0
90,1,14,0,0,0.0,0.0,1,0,0,2,0,0
94,1,90,0,0,0.52,0.01,3,1,9,17,1,0
95,1,66,0,0,0.05,0.29,3,1,6,6,1,0
96,1,14,0,0,0.0,0.11,1,0,4,6,0,0
97,1,66,0,1,0.08,0.34,6,1,5,22,1,0
98,1,90,1,0,0.39,0.17,9,1,13,35,1,0
102,1,23,0,0,0.04,0.0,1,0,6,7,0,0
104,1,90,0,0,0.0,0.01,2,0,9,8,1,0
105,1,23,0,0,0.03,0.35,1,0,8,9,0,0
106,1,82,0,0,1.0,0.08,0,1,5,-3,1,0
108,1,7,0,0,0.03,0.04,1,0,0,4,0,0
109,1,90,0,0,0.0,0.0,6,1,0,25,1,0
110,1,90,0,0,0.0,0.01,1,0,0,0,1,2
112,1,90,0,0,0.0,0.03,1,0,9,3,1,0
114,1,90,0,0,0.0,0.04,6,1,6,29,1,0
115,1,77,1,1,1.47,0.21,17,1,4,46,1,0
116,1,90,0,0,0.0,0.04,6,1,2,24,1,0
119,1,26,0,0,0.12,0.0,1,0,4,7,0,0
123,1,63,2,0,1.41,0.02,16,1,3,54,1,0
124,1,90,0,0,0.0,0.27,2,1,5,18,1,0
125,1,90,0,1,0.08,0.44,5,1,7,22,1,0
127,1,85,0,1,0.18,0.48,6,1,6,27,1,0
129,1,63,0,0,0.11,0.03,2,1,4,8,1,0
130,1,77,0,0,0.09,0.05,7,1,8,32,1,0
135,1,12,0,0,0.0,0.03,1,0,0,3,0,0
138,1,26,0,0,0.18,0.0,1,0,2,-1,0,0
140,1,90,0,0,0.0,0.01,2,0,0,6,1,4
142,1,90,0,0,0.1,0.07,0,0,6,5,1,0
144,1,75,0,0,0.0,0.03,1,0,3,2,1,0
148,1,64,0,0,0.01,0.03,1,0,3,5,1,0
149,1,90,0,0,0.01,0.03,0,0,4,6,1,0
151,1,90,0,0,0.0,0.01,3,0,15,13,1,0
154,1,82,1,1,0.28,0.19,13,0,9,60,1,0
155,1,25,0,0,0.0,0.02,1,0,3,6,0,0
156,1,14,0,0,0.03,0.07,1,0,4,9,0,0
157,1,7,0,0,0.0,0.0,1,0,1,3,0,0
160,1,4,0,0,0.0,0.0,1,0,0,2,0,0
161,1,64,0,0,0.21,0.03,1,0,9,8,1,0
162,1,66,0,0,0.0,0.23,2,0,9,17,1,0
164,1,8,0,0,0.0,0.0,1,0,1,2,0,0
165,1,90,1,1,0.63,0.06,11,0,3,45,1,0
173,1,90,0,0,0.02,0.01,3,0,10,11,1,0
175,1,90,0,0,0.0,0.01,1,0,7,-8,1,0
176,1,90,0,0,0.0,0.02,1,0,6,-4,1,0
182,1,90,0,0,0.0,0.01,1,0,9,1,1,0
183,1,20,0,0,0.15,0.0,1,0,5,3,0,0
184,1,90,0,0,0.0,0.01,2,0,7,14,1,0
188,1,28,0,0,0.0,0.11,1,0,1,8,0,0
190,1,81,0,0,0.04,0.02,2,0,8,11,1,0
194,1,69,0,0,0.0,0.02,2,0,6,9,1,0
195,1,69,0,0,0.0,0.01,2,0,3,7,1,0
198,1,90,0,0,0.0,0.0,2,0,0,14,1,3
200,1,90,0,1,0.0,0.2,6,0,12,25,1,0
201,1,54,0,0,0.23,0.01,0,0,4,-4,1,0
202,1,90,0,0,0.0,0.0,3,0,16,13,1,0
203,1,90,0,0,0.05,0.01,1,0,8,9,1,0
204,1,90,0,0,0.0,0.01,1,0,5,9,1,0
206,1,72,0,0,0.0,0.01,1,0,7,7,1,0
209,1,6,0,0,0.0,0.0,1,0,2,3,0,0
210,1,90,0,0,0.0,0.24,4,0,14,20,1,0
211,1,35,0,0,0.06,0.02,1,0,5,4,0,0
214,1,90,0,0,0.0,0.27,3,0,14,25,1,0
222,1,27,0,0,0.25,0.01,1,0,0,3,0,0
223,1,62,0,0,0.7,0.02,2,0,5,-3,1,0
224,1,55,0,0,0.6,0.58,1,0,3,12,1,0
226,1,90,0,0,0.0,0.02,7,1,0,34,1,4
229,1,90,0,0,0.05,0.0,6,1,9,25,1,0
230,1,90,0,0,0.0,0.01,6,1,8,27,1,0
233,1,90,0,0,0.0,0.05,6,1,4,27,1,0
236,1,90,1,0,0.12,0.17,11,1,8,40,1,0
237,1,90,0,1,0.24,0.32,9,1,12,36,1,0
238,1,8,0,0,0.0,0.0,1,0,1,2,0,0
239,1,11,0,0,0.0,0.03,1,0,1,6,0,0
241,1,62,0,0,0.05,0.02,2,0,5,11,1,0
242,1,83,0,0,0.18,0.08,3,1,7,13,1,0
243,1,1,0,0,0.02,0.0,1,0,3,7,0,0
244,1,90,0,1,0.0,0.04,8,1,16,25,1,0
246,1,90,0,0,0.0,0.06,3,1,9,12,1,0
247,1,78,0,0,0.01,0.01,3,1,7,16,1,0
248,1,11,0,0,0.05,0.0,1,0,0,3,0,0
249,1,78,1,0,0.45,0.09,8,1,3,37,1,0
250,1,90,0,0,0.0,0.0,2,0,0,11,1,3
254,1,81,0,0,0.13,0.04,1,0,7,4,1,0
255,1,90,0,0,0.0,0.03,3,0,10,7,1,0
257,1,90,0,0,0.02,0.02,0,0,4,1,1,0
258,1,90,0,2,0.09,0.18,6,0,6,21,1,0
259,1,90,0,0,0.0,0.01,2,0,5,7,1,0
260,1,65,0,0,0.0,0.02,3,1,2,8,1,0
261,1,90,0,0,0.0,0.04,2,0,10,17,1,0
263,1,17,0,0,0.0,0.01,1,0,3,2,0,0
264,1,66,0,0,0.0,0.26,2,0,6,10,1,0
265,1,72,0,0,0.03,0.03,2,0,4,14,1,0
267,1,90,0,1,0.0,0.02,5,0,6,22,1,0
268,1,90,1,0,0.17,0.04,7,0,8,34,1,0
269,1,17,0,0,0.03,0.0,1,0,1,7,0,0
271,1,8,0,0,0.02,0.0,1,0,1,6,0,0
277,1,90,0,0,0.0,0.0,8,1,21,27,1,0
279,1,63,1,0,0.52,0.0,14,1,7,39,1,0
280,1,69,0,0,0.0,0.01,6,1,2,23,1,0
281,1,20,0,0,0.05,0.0,1,0,3,4,0,0
282,1,84,0,0,0.02,0.07,6,1,6,24,1,0
285,1,26,0,0,0.0,0.0,1,0,2,3,0,0
286,1,90,0,0,0.05,0.03,3,1,10,8,1,0
287,1,19,0,0,0.0,0.0,0,0,3,2,0,0
289,1,90,0,0,0.0,0.0,2,1,9,9,1,0
290,1,90,0,1,0.0,0.44,6,1,3,20,1,0
295,1,90,0,1,0.16,0.01,5,1,5,21,1,0
304,1,90,0,0,0.0,0.16,4,0,18,16,1,0
305,1,90,0,0,0.0,0.01,2,0,7,10,1,0
306,1,90,0,0,0.0,0.0,2,0,7,12,1,0
309,1,79,0,0,0.03,0.03,4,0,12,26,1,0
313,1,19,1,0,0.1,0.0,7,0,2,27,0,0
315,1,65,0,0,0.0,0.41,2,0,7,22,1,0
316,1,65,1,0,0.82,0.06,9,0,3,41,1,0
320,1,24,0,0,0.0,0.0,1,0,3,3,0,0
321,1,10,0,0,0.0,0.0,1,0,0,3,0,0
323,1,24,0,0,0.0,0.0,1,0,3,4,0,0
327,1,90,0,0,0.11,0.0,10,1,12,28,1,0
329,1,90,0,0,0.03,0.06,6,1,7,21,1,0
330,1,90,0,0,0.0,0.0,6,1,3,24,1,0
332,1,90,0,0,0.0,0.01,10,1,12,28,1,0
334,1,90,0,0,0.09,0.0,6,1,7,25,1,0
335,1,90,1,0,0.1,0.05,13,1,16,37,1,0
336,1,24,0,0,0.0,0.16,1,0,5,10,0,0
337,1,81,0,0,0.01,0.01,3,1,7,16,1,0
338,1,90,0,0,0.0,0.04,5,1,13,18,1,0
339,1,8,0,0,0.0,0.0,1,0,0,3,0,0
346,1,90,0,0,0.13,0.0,1,1,2,-2,1,0
350,1,90,0,0,0.0,0.0,2,0,0,7,1,3
356,1,90,0,0,0.25,0.01,2,0,11,8,1,0
357,1,90,0,0,0.01,0.09,0,0,2,3,1,0
358,1,90,0,0,0.02,0.02,0,0,7,3,1,0
362,1,69,0,0,0.0,0.02,1,0,3,9,1,0
366,1,62,0,0,0.26,0.04,2,0,5,16,1,0
367,1,90,1,0,0.3,0.15,12,0,12,33,1,0
368,1,90,1,0,0.85,0.27,8,0,7,29,1,0
369,1,62,0,0,0.04,0.02,2,0,3,9,1,0
371,1,77,0,1,0.06,0.05,5,0,11,26,1,0
372,1,27,0,0,0.0,0.01,1,0,3,9,0,0
377,1,27,0,1,0.1,0.04,4,0,0,15,0,0
379,1,90,0,0,1.09,0.01,2,0,1,6,1,0
381,1,12,0,0,0.03,0.0,1,0,1,4,0,0
384,1,90,0,0,0.0,0.0,3,0,0,12,1,3
385,1,90,0,0,0.0,0.0,9,1,0,28,1,3
387,1,62,0,0,0.07,0.41,2,0,2,5,1,0
388,1,90,1,0,0.89,0.32,10,0,4,31,1,0
389,1,33,0,0,0.0,0.04,1,0,1,4,0,0
390,1,90,0,0,0.0,0.14,2,0,6,11,1,0
391,1,90,1,0,0.19,0.05,9,0,7,28,1,0
393,1,90,0,0,0.0,0.02,2,0,4,14,1,0
395,1,56,0,0,0.17,0.02,1,0,2,-1,1,0
397,1,90,0,0,0.06,0.02,2,0,5,16,1,0
398,1,81,0,0,0.12,0.4,1,0,6,15,1,0
399,1,27,0,2,0.0,0.5,8,0,0,28,0,0
406,1,27,0,0,0.0,0.01,1,0,2,3,0,0
411,1,90,0,0,0.74,0.02,2,0,3,6,1,0
412,1,90,0,0,0.0,0.0,1,0,0,7,1,2
415,1,45,0,0,0.47,0.03,0,0,1,-11,1,0
417,1,10,0,0,0.0,0.0,1,0,3,6,0,0
418,1,90,0,0,0.04,0.4,1,0,4,15,1,0
421,1,90,0,0,0.12,0.04,1,0,2,5,1,0
422,1,79,0,0,0.22,0.05,1,0,5,8,1,0
423,1,90,0,0,0.0,0.26,1,0,4,13,1,0
426,1,90,0,0,0.08,0.26,2,0,6,18,1,0
427,1,90,0,0,0.5,0.23,2,0,4,12,1,0
428,1,79,0,0,0.24,0.21,2,0,3,14,1,0
429,1,45,0,0,0.0,0.1,1,0,1,9,0,0
432,1,23,0,0,0.07,0.01,1,0,1,7,0,0
435,1,10,0,0,0.0,0.0,1,0,1,3,0,0
439,1,23,0,0,0.04,0.0,1,0,0,2,0,0
445,1,90,0,0,0.0,0.0,3,0,15,0,1,0
446,1,1,0,0,0.0,0.0,1,0,0,-1,0,0
447,1,90,0,0,0.0,0.01,3,0,10,4,1,0
449,1,90,0,0,0.0,0.35,3,0,11,8,1,0
453,1,90,0,0,0.07,0.02,2,0,8,12,1,0
454,1,75,1,0,0.22,0.01,9,0,2,31,1,0
455,1,90,0,0,0.04,0.06,2,0,4,14,1,0
456,1,34,0,0,0.06,0.01,0,0,6,1,0,0
457,1,14,0,0,0.0,0.0,0,0,2,-1,0,0
459,1,75,0,0,0.05,0.01,3,0,13,13,1,0
460,1,34,1,0,0.09,0.17,6,0,3,28,0,0
462,1,55,0,0,0.0,0.0,1,0,2,3,1,0
464,1,90,0,1,1.0,0.02,4,0,8,7,1,0
465,1,55,0,1,0.06,0.14,4,0,5,18,1,0
467,1,90,0,0,0.0,0.0,2,0,0,11,1,2
469,1,90,0,0,0.0,0.02,2,0,6,13,1,0
471,1,90,0,0,0.11,0.02,2,0,7,4,1,0
472,1,90,0,0,0.0,0.28,4,0,14,15,1,0
473,1,73,0,0,0.04,0.17,5,1,2,24,1,0
474,1,90,0,0,0.0,0.0,1,0,8,5,1,0
478,1,16,0,0,0.0,0.0,1,0,0,-2,0,0
480,1,90,0,0,0.13,0.06,2,0,3,10,1,0
481,1,62,0,0,0.0,0.25,2,0,6,14,1,0
483,1,61,0,0,0.0,0.0,3,1,3,5,1,0
486,1,73,0,0,0.0,0.16,3,1,8,18,1,0
488,1,90,0,0,0.03,0.01,2,0,6,10,1,0
490,1,28,0,0,0.12,0.01,1,0,1,3,0,0
491,1,90,0,0,0.22,0.02,2,0,3,8,1,0
492,1,20,0,0,0.0,0.0,1,0,1,4,0,0
493,1,1,0,0,0.0,0.0,1,0,0,3,0,0
496,1,90,0,0,0.0,0.0,2,0,0,15,1,5
498,1,90,0,0,0.0,0.02,3,0,16,10,1,0
502,1,90,0,0,0.0,0.06,3,0,11,13,1,0
504,1,90,0,0,0.13,0.03,6,1,4,19,1,0
506,1,4,0,0,0.0,0.02,1,0,0,3,0,0
514,1,90,0,0,0.06,0.06,2,0,8,17,1,0
515,1,22,0,0,0.0,0.01,1,0,2,6,0,0
516,1,45,0,0,0.0,0.01,1,0,5,8,0,0
519,1,45,0,0,0.02,0.06,0,0,3,1,1,0
520,1,45,0,0,0.0,0.01,1,0,8,2,1,0
522,1,85,0,0,0.0,0.01,2,0,5,15,1,0
523,1,67,0,0,0.38,0.02,2,0,2,10,1,0
525,1,45,0,0,0.0,0.06,1,0,2,16,0,0
526,1,22,0,0,0.07,0.0,1,0,0,3,0,0
527,1,67,0,0,0.0,0.0,2,0,1,6,1,0
529,1,90,0,0,0.0,0.0,1,0,0,7,1,1
532,1,90,0,0,0.0,0.01,0,0,9,4,1,0
534,1,79,0,0,0.04,0.27,2,0,4,14,1,0
535,1,23,0,0,0.0,0.01,1,0,0,2,0,0
536,1,90,0,0,0.0,0.29,1,0,8,9,1,0
539,1,66,0,0,0.01,0.01,1,0,5,1,1,0
541,1,90,0,0,0.08,0.08,1,0,4,5,1,0
542,1,79,0,0,0.0,0.03,2,0,2,13,1,0
543,1,10,0,0,0.03,0.0,1,0,0,3,0,0
544,1,90,0,1,0.0,0.09,9,0,13,31,1,0
545,1,90,0,0,0.06,0.03,2,0,2,18,1,0
548,1,10,0,0,0.0,0.0,1,0,1,3,0,0
549,1,31,0,0,0.0,0.0,1,0,2,1,0,0
551,1,58,1,0,0.15,0.01,5,0,7,23,1,0
552,1,66,0,0,0.3,0.0,2,0,0,1,1,0
553,1,23,0,0,0.0,0.0,1,0,0,3,0,0
556,1,5,0,0,0.0,0.0,1,0,0,3,0,0
557,1,75,0,1,0.19,0.14,6,1,6,30,1,0
558,1,16,0,0,0.0,0.0,1,0,1,3,0,0
559,1,14,0,0,0.0,0.0,1,0,2,5,0,0
562,1,79,0,0,0.61,0.0,2,0,9,7,1,0
564,1,90,0,0,0.0,0.0,2,0,0,12,1,2
565,1,75,0,2,0.05,0.33,14,1,13,41,1,0
566,1,90,0,0,0.0,0.0,2,0,13,5,1,0
567,1,90,0,0,0.0,0.0,1,0,0,12,1,5
569,1,90,1,0,0.73,0.01,6,0,2,33,1,0
570,1,72,0,0,0.16,0.01,2,0,4,10,1,0
572,1,90,0,0,0.0,0.0,10,1,0,41,1,5
575,1,61,0,0,0.0,0.0,1,0,3,2,1,0
576,1,70,0,0,0.0,0.03,3,1,6,11,1,0
577,1,18,0,0,0.0,0.01,1,0,1,3,0,0
579,1,20,0,0,0.0,0.03,1,0,4,3,0,0
580,1,23,0,0,0.0,0.0,1,0,3,5,0,0
583,1,25,0,0,0.0,0.0,1,0,1,3,0,0
584,1,8,0,0,0.0,0.0,1,0,1,3,0,0
585,1,26,0,0,0.0,0.0,1,0,4,4,0,0
586,1,63,1,0,0.28,0.0,15,1,13,35,1,0
588,1,35,0,0,0.0,0.16,1,0,9,12,0,0
591,1,70,0,1,0.23,0.31,5,0,8,24,1,0
592,1,10,0,0,0.0,0.0,1,0,2,4,0,0
593,1,90,0,0,0.03,0.0,1,0,9,-1,1,0
596,1,8,0,0,0.0,0.0,1,0,2,3,0,0
600,1,12,0,0,0.0,0.05,1,0,2,7,0,0
605,1,4,0,0,0.0,0.01,1,0,0,3,0,0
608,1,15,0,0,0.1,0.0,1,0,1,6,0,0
1,2,90,0,0,0.0,0.0,6,1,0,21,1,0
4,2,90,0,0,0.13,0.02,8,1,10,23,1,0
7,2,70,0,0,0.07,0.02,3,1,5,15,1,0
8,2,90,0,1,0.11,0.46,11,1,3,30,1,0
10,2,90,0,0,0.0,0.05,7,1,4,26,1,0
11,2,78,0,0,0.0,0.01,6,1,4,25,1,0
12,2,90,1,0,0.63,0.04,11,1,11,46,1,0
13,2,84,0,0,0.0,0.1,5,1,12,19,1,0
14,2,45,0,0,0.0,0.07,1,0,3,6,0,0
15,2,70,0,0,0.08,0.07,3,1,5,13,1,0
17,2,19,0,0,0.0,0.0,1,0,4,7,0,0
19,2,5,0,0,0.0,0.0,1,0,2,5,0,0
26,2,90,0,0,0.02,0.03,2,1,5,5,1,0
28,2,90,0,0,0.0,0.01,2,0,0,18,1,4
31,2,11,0,0,0.0,0.0,1,0,1,3,0,0
32,2,77,0,0,0.15,0.01,2,0,6,8,1,0
34,2,90,0,0,0.0,0.01,2,0,4,6,1,0
36,2,90,0,0,0.07,0.0,1,0,8,-5,1,0
37,2,90,0,0,0.0,0.08,2,0,7,10,1,0
40,2,90,0,1,0.14,1.01,5,0,5,28,1,0
41,2,90,0,0,0.04,0.02,2,0,5,9,1,0
42,2,27,0,0,0.0,0.01,1,0,1,3,0,0
43,2,90,0,0,0.47,0.11,4,0,13,26,1,0
45,2,90,0,0,0.05,0.05,1,0,4,2,1,0
46,2,77,0,0,0.03,0.02,2,0,10,23,1,0
47,2,90,0,0,0.0,0.03,2,0,8,13,1,0
51,2,70,0,0,0.0,0.01,2,0,6,5,1,0
52,2,19,0,0,0.0,0.0,0,0,2,2,0,0
56,2,19,0,0,0.0,0.0,1,0,0,3,0,0
57,2,90,0,0,0.0,0.0,3,0,0,20,1,5
60,2,90,0,0,0.0,0.74,4,0,12,19,1,0
61,2,90,0,0,0.0,0.07,4,0,9,27,1,0
64,2,90,0,0,0.0,0.02,1,0,6,5,1,0
67,2,90,0,0,0.4,0.02,2,0,5,4,1,0
68,2,90,0,0,0.09,0.21,1,0,11,20,1,0
69,2,86,1,0,0.26,0.27,12,1,15,39,1,0
70,2,80,0,0,0.61,0.05,3,1,5,12,1,0
71,2,68,0,0,0.0,0.01,3,1,2,13,1,0
73,2,21,0,0,0.0,0.0,1,0,3,4,0,0
74,2,9,0,0,0.0,0.01,1,0,0,3,0,0
75,2,3,0,0,0.0,0.0,1,0,2,5,0,0
79,2,80,0,1,0.58,0.04,5,1,3,11,1,0
81,2,9,0,0,0.0,0.0,1,0,1,4,0,0
82,2,90,0,0,0.0,0.0,2,0,0,7,1,1
84,2,90,0,0,0.17,0.01,3,0,13,14,1,0
86,2,87,0,1,0.02,0.13,6,0,11,29,1,0
87,2,90,0,0,0.0,0.01,3,0,17,7,1,0
88,2,87,0,0,0.02,0.21,2,0,4,9,1,0
89,2,2,0,0,0.0,0.0,1,0,0,3,0,0
90,2,2,0,0,0.0,0.02,1,0,1,6,0,0
91,2,12,0,0,0.0,0.0,1,0,2,-1,0,0
94,2,87,1,0,0.25,0.02,10,0,9,34,1,0
95,2,29,0,0,0.02,0.08,1,0,7,16,0,0
96,2,68,0,0,0.03,0.13,3,1,9,20,1,0
98,2,90,0,0,0.0,0.14,1,0,10,11,1,0
102,2,21,0,0,0.0,0.01,1,0,0,4,0,0
105,2,60,0,0,0.11,0.06,2,1,1,4,1,0
106,2,90,0,0,0.8,0.01,2,0,4,2,1,0
108,2,2,0,0,0.04,0.0,1,0,1,3,0,0
109,2,90,0,0,0.0,0.0,0,0,0,-1,1,1
110,2,90,0,0,0.0,0.0,2,0,0,10,1,1
112,2,90,0,0,0.11,0.03,1,0,8,9,1,0
113,2,90,0,0,0.02,0.01,0,0,0,-4,1,0
114,2,90,0,0,0.05,0.11,-1,0,3,-2,1,0
115,2,90,0,0,0.03,0.05,0,0,2,-2,1,0
116,2,90,0,0,0.0,0.01,-1,0,3,-4,1,0
119,2,10,0,0,0.0,0.0,0,0,0,-1,0,0
124,2,90,1,1,0.05,0.11,13,0,6,46,1,0
127,2,90,0,1,0.38,0.17,5,0,5,15,1,0
130,2,79,0,0,0.03,0.08,0,0,7,6,1,0
138,2,79,0,1,0.17,0.02,5,0,6,17,1,0
142,2,22,0,0,0.0,0.0,1,0,0,-1,0,0
144,2,90,0,0,0.0,0.01,1,0,5,-1,1,0
145,2,67,0,0,0.0,0.01,0,0,9,-2,1,0
148,2,90,0,1,0.0,0.06,4,0,6,12,1,0
149,2,71,0,0,0.0,0.0,1,0,9,2,1,0
151,2,22,0,0,0.0,0.0,1,0,3,-1,0,0
153,2,16,0,0,0.0,0.0,1,0,1,-2,0,0
154,2,90,1,0,0.66,0.13,7,0,8,28,1,0
156,2,67,1,0,0.41,0.33,7,0,4,32,1,0
159,2,13,0,0,0.0,0.0,1,0,0,3,0,0
160,2,12,0,0,0.0,0.0,1,0,2,3,0,0
161,2,67,1,0,0.54,0.0,7,0,7,32,1,0
162,2,10,0,0,0.0,0.0,1,0,5,2,0,0
165,2,90,1,1,1.23,0.04,9,0,3,44,1,0
166,2,70,0,0,0.0,0.1,2,0,3,11,1,0
167,2,24,0,0,0.07,0.0,1,0,0,9,0,0
173,2,77,0,0,0.0,0.01,8,1,9,28,1,0
175,2,90,0,0,0.0,0.19,2,0,2,15,1,0
176,2,90,0,0,0.18,0.05,2,0,3,15,1,0
182,2,90,0,0,0.02,0.04,1,0,4,4,1,0
183,2,70,0,0,0.06,0.09,3,1,6,12,1,0
184,2,90,0,0,0.01,0.04,2,0,10,14,1,0
185,2,31,0,0,0.02,0.02,1,0,4,8,0,0
186,2,57,0,0,0.0,0.06,1,0,4,4,1,0
188,2,19,0,0,0.0,0.01,1,0,2,2,0,0
190,2,58,0,0,0.05,0.13,1,0,6,7,1,0
194,2,32,0,0,0.0,0.0,1,0,2,5,0,0
198,2,90,0,0,0.0,0.0,1,0,0,4,1,4
200,2,90,0,0,0.02,0.0,1,0,9,-3,1,0
202,2,90,0,0,0.04,0.0,0,0,6,-4,1,0
203,2,90,0,0,0.0,0.0,0,0,7,-1,1,0
204,2,90,0,0,0.11,0.16,0,0,5,-8,1,0
207,2,15,0,0,0.0,0.0,1,0,1,1,0,0
209,2,28,0,0,0.0,0.0,1,0,2,1,0,0
210,2,90,0,0,0.0,0.07,2,0,7,21,1,0
211,2,67,0,1,0.05,0.07,5,0,10,27,1,0
214,2,90,0,0,0.05,0.02,2,0,9,21,1,0
222,2,62,0,0,0.05,0.0,2,0,4,13,1,0
224,2,67,0,0,0.36,0.0,2,0,6,8,1,0
226,2,90,0,0,0.0,0.0,3,0,0,22,1,4
229,2,90,1,0,0.1,0.01,12,0,10,27,1,0
230,2,90,0,0,0.09,0.01,4,0,12,6,1,0
233,2,90,0,0,0.0,0.01,4,0,12,7,1,0
236,2,90,0,0,0.06,0.16,2,0,10,24,1,0
237,2,90,0,0,0.02,0.07,4,0,13,16,1,0
239,2,61,0,0,0.0,0.0,1,0,10,9,1,0
240,2,4,0,0,0.0,0.0,1,0,0,2,0,0
241,2,22,0,0,0.0,0.0,1,0,2,2,0,0
242,2,61,0,0,0.05,0.01,2,0,2,12,1,0
243,2,4,0,0,0.03,0.02,0,0,0,-2,0,0
244,2,86,0,0,0.0,0.03,2,0,9,12,1,0
246,2,85,0,0,0.0,0.01,2,0,9,13,1,0
247,2,28,0,0,0.0,0.01,1,0,3,3,0,0
248,2,20,0,0,0.04,0.0,1,0,1,2,0,0
249,2,69,0,0,1.48,0.0,2,0,3,6,1,0
250,2,90,0,0,0.0,0.0,3,0,0,11,1,3
253,2,90,0,0,0.0,0.04,1,0,8,4,1,0
254,2,90,0,0,0.0,0.02,2,0,3,10,1,0
257,2,90,0,0,0.0,0.01,2,0,7,13,1,0
258,2,67,0,0,0.0,0.0,6,1,2,18,1,0
259,2,90,0,0,0.0,0.0,2,0,12,7,1,0
260,2,45,0,0,0.01,0.04,1,0,6,7,0,0
261,2,90,0,0,0.01,0.4,2,0,4,20,1,0
262,2,14,0,0,0.06,0.02,1,0,1,5,0,0
263,2,7,0,0,0.0,0.04,1,0,0,2,0,0
264,2,67,0,0,0.0,0.01,3,1,5,8,1,0
265,2,82,0,0,0.0,0.2,2,0,2,14,1,0
267,2,72,0,0,0.02,0.02,1,0,11,11,1,0
268,2,90,0,0,0.47,0.03,2,0,4,8,1,0
269,2,22,0,0,0.02,0.12,1,0,1,3,0,0
277,2,90,0,0,0.0,0.0,9,1,13,25,1,0
279,2,90,0,0,0.0,0.0,6,1,7,24,1,0
280,2,45,0,0,0.0,0.0,0,0,4,2,1,0
281,2,45,0,0,0.0,0.0,1,0,3,4,0,0
282,2,90,0,0,0.0,0.07,6,1,2,21,1,0
286,2,82,0,1,0.12,0.02,6,1,10,23,1,0
287,2,31,1,0,0.58,0.0,6,0,1,24,0,0
290,2,90,0,0,0.0,0.01,2,1,10,6,1,0
295,2,90,0,0,0.0,0.01,1,1,4,7,1,0
304,2,90,0,0,0.07,0.01,0,0,1,-14,1,0
305,2,90,1,0,0.54,0.12,6,0,4,1,1,0
306,2,90,0,0,0.0,0.01,-1,0,10,-13,1,0
308,2,17,0,0,0.0,0.0,1,0,3,-1,0,0
309,2,61,0,0,0.0,0.02,2,0,9,6,1,0
315,2,82,0,1,0.0,0.22,4,0,4,25,1,0
316,2,45,0,0,0.0,0.0,1,0,1,7,1,0
320,2,45,1,0,0.97,0.0,5,0,0,30,0,0
323,2,7,0,0,0.0,0.0,1,0,1,3,0,0
327,2,45,0,0,0.0,0.0,1,0,5,0,1,0
329,2,33,0,0,0.0,0.0,1,0,4,4,1,0
330,2,67,0,0,0.0,0.01,2,0,7,9,1,0
332,2,90,0,0,0.03,0.01,2,0,8,12,1,0
334,2,90,0,0,0.0,0.01,4,0,19,17,1,0
335,2,90,0,0,0.07,0.01,4,0,16,13,1,0
336,2,68,0,0,0.08,0.01,2,0,2,11,1,0
337,2,45,0,0,0.0,0.01,1,0,3,6,1,0
338,2,90,0,0,0.01,0.09,2,0,10,12,1,0
343,2,22,0,0,0.24,0.01,1,0,2,2,0,0
345,2,45,0,0,0.0,0.01,1,0,11,6,0,0
346,2,90,1,0,0.92,0.02,8,0,4,31,1,0
347,2,21,0,1,0.1,0.0,4,0,1,18,0,0
350,2,90,0,0,0.0,0.0,0,0,0,-5,1,1
356,2,90,0,0,0.0,0.03,1,0,7,5,1,0
357,2,70,0,0,0.0,0.02,1,0,6,9,1,0
358,2,70,0,0,0.0,0.01,1,0,8,9,1,0
362,2,76,0,0,0.0,0.05,3,0,11,13,1,0
364,2,19,0,0,0.04,0.01,1,0,0,4,0,0
366,2,90,0,1,0.23,0.2,4,0,10,23,1,0
367,2,70,0,1,0.0,0.65,5,0,3,21,1,0
368,2,90,0,0,0.16,0.17,4,0,13,24,1,0
369,2,19,0,0,0.0,0.03,1,0,0,5,0,0
371,2,19,0,0,0.0,0.01,1,0,1,7,0,0
372,2,76,0,0,0.0,0.39,2,0,10,10,1,0
375,2,13,0,0,0.0,0.0,1,0,5,3,0,0
377,2,90,1,0,0.32,0.19,6,0,7,24,1,0
379,2,90,1,0,0.99,0.0,8,0,1,30,1,0
384,2,90,0,0,0.0,0.0,0,0,0,5,1,1
385,2,90,0,0,0.0,0.0,3,0,0,20,1,4
387,2,88,0,0,0.02,0.02,2,0,1,11,1,0
388,2,90,0,0,0.0,0.04,2,0,5,12,1,0
390,2,90,0,0,0.09,0.57,2,0,6,19,1,0
391,2,74,0,1,0.0,0.04,5,0,2,18,1,0
393,2,88,0,0,0.0,0.02,2,0,7,17,1,0
396,2,1,0,0,0.0,0.0,1,0,0,3,0,0
397,2,90,0,1,0.06,0.57,5,0,3,33,1,0
398,2,90,0,2,0.87,0.45,9,0,7,38,1,0
399,2,81,2,0,0.35,0.55,14,0,3,60,1,0
401,2,90,0,0,0.17,0.07,2,0,4,14,1,0
405,2,70,0,0,0.0,0.2,2,1,4,9,1,0
406,2,15,0,0,0.0,0.01,1,0,0,9,0,0
411,2,90,2,0,0.66,0.0,13,0,5,60,1,0
412,2,90,0,0,0.0,0.0,2,0,0,11,1,3
415,2,10,0,0,0.18,0.01,1,0,2,4,0,0
417,2,73,0,0,0.15,0.12,2,0,4,12,1,0
418,2,90,0,1,0.03,0.01,4,0,5,13,1,0
419,2,90,0,0,0.03,0.06,1,0,0,2,1,0
420,2,16,0,0,0.0,0.01,1,0,2,-2,0,0
422,2,17,0,0,0.0,0.0,1,0,0,-1,0,0
423,2,72,0,0,0.0,0.02,2,0,8,12,1,0
426,2,90,3,1,2.02,0.48,23,0,8,87,1,0
427,2,90,1,1,1.76,0.21,11,0,5,37,1,0
428,2,79,0,2,0.11,0.15,9,0,2,31,1,0
429,2,79,0,0,0.26,0.05,2,0,6,17,1,0
432,2,79,0,0,0.14,0.27,4,0,15,25,1,0
439,2,10,0,0,0.0,0.01,1,0,3,5,0,0
445,2,90,0,0,0.0,0.02,6,1,3,25,1,0
447,2,90,0,0,0.01,0.0,5,1,5,22,1,0
449,2,90,0,0,0.03,0.31,11,1,13,52,1,0
452,2,19,0,0,0.0,0.01,1,0,3,4,0,0
453,2,90,0,0,0.04,0.01,3,1,4,9,1,0
454,2,81,1,0,0.2,0.1,8,1,3,32,1,0
455,2,74,0,0,0.05,0.02,2,0,4,16,1,0
456,2,8,0,0,0.0,0.13,1,0,1,3,0,0
457,2,8,0,0,0.0,0.2,1,0,3,3,0,0
459,2,90,0,0,0.0,0.04,3,1,9,16,1,0
460,2,70,0,0,0.07,0.02,3,1,2,0,1,0
461,2,1,0,0,0.0,0.0,1,0,0,3,0,0
462,2,19,0,0,0.0,0.0,1,0,3,4,0,0
463,2,19,0,1,0.02,0.01,4,0,0,18,0,0
464,2,81,1,0,0.35,0.0,8,1,6,37,1,0
467,2,90,0,0,0.0,0.01,1,0,0,6,1,2
469,2,90,0,1,0.12,0.15,6,0,12,16,1,0
471,2,90,0,0,0.0,0.0,3,0,13,3,1,0
472,2,90,0,0,0.18,0.0,1,0,6,2,1,0
473,2,85,0,0,0.0,0.35,0,0,5,2,1,0
474,2,90,0,0,0.0,0.0,1,0,8,6,1,0
478,2,4,0,0,0.0,0.0,1,0,1,5,0,0
480,2,90,1,1,0.79,0.04,13,0,5,36,1,0
481,2,81,0,0,0.07,0.22,3,0,14,25,1,0
482,2,1,0,0,0.0,0.0,1,0,0,2,0,0
483,2,65,1,0,0.35,0.63,9,0,9,30,1,0
486,2,90,0,0,0.0,0.16,2,0,8,16,1,0
487,2,1,0,0,0.0,0.0,1,0,0,3,0,0
491,2,90,0,0,0.74,0.04,1,0,5,4,1,0
492,2,90,0,0,0.93,0.03,2,0,3,6,1,0
496,2,90,0,0,0.0,0.0,1,0,0,4,1,0
499,2,90,0,0,0.33,0.1,1,0,4,1,1,0
502,2,67,0,0,0.06,0.02,2,0,3,7,1,0
503,2,90,0,0,0.0,0.02,0,0,8,5,1,0
504,2,90,0,0,0.03,0.02,0,0,8,-2,1,0
506,2,22,0,0,0.0,0.19,1,0,1,2,0,0
512,2,22,0,0,0.04,0.01,1,0,2,4,0,0
514,2,67,0,0,0.14,0.03,2,0,3,10,1,0
516,2,90,0,0,0.0,0.02,2,0,11,17,1,0
522,2,67,0,0,0.0,0.0,2,0,6,9,1,0
523,2,22,0,0,0.02,0.0,1,0,1,1,0,0
525,2,90,0,0,0.01,0.17,2,0,8,18,1,0
526,2,15,0,0,0.2,0.0,1,0,0,6,0,0
529,2,90,0,0,0.0,0.0,6,1,0,22,1,0
532,2,90,0,0,0.03,0.0,8,1,10,27,1,0
533,2,90,0,0,0.0,0.01,9,1,19,28,1,0
534,2,90,0,0,0.0,0.01,6,1,6,24,1,0
536,2,90,0,0,0.0,0.01,6,1,7,26,1,0
541,2,90,0,0,0.02,0.05,6,1,8,27,1,0
542,2,89,0,0,0.37,0.17,3,1,6,13,1,0
543,2,18,0,1,0.0,0.16,4,0,0,15,0,0
544,2,90,0,0,0.0,0.36,6,1,7,29,1,0
545,2,90,0,0,0.02,0.02,3,1,11,21,1,0
547,2,1,0,0,0.17,0.0,1,0,1,2,0,0
548,2,7,0,0,0.0,0.0,1,0,0,3,0,0
551,2,64,0,0,0.0,0.04,3,1,5,13,1,0
552,2,63,0,0,0.03,0.0,2,1,4,5,1,0
553,2,26,1,0,1.39,0.0,8,0,0,29,0,0
557,2,45,0,0,0.0,0.01,0,0,3,1,1,0
558,2,90,0,0,0.05,0.0,4,0,15,15,1,0
562,2,72,0,0,0.06,0.01,2,0,5,10,1,0
563,2,45,0,0,0.0,0.0,1,0,3,6,1,0
564,2,90,0,0,0.0,0.01,2,0,0,9,1,6
565,2,90,0,0,0.21,0.03,4,0,14,16,1,0
566,2,90,0,0,0.25,0.03,4,0,10,11,1,0
567,2,90,0,0,0.0,0.0,7,1,0,32,1,4
568,2,8,0,0,0.04,0.0,1,0,1,1,0,0
569,2,90,0,0,0.27,0.01,2,0,4,2,1,0
570,2,75,0,0,0.02,0.0,1,0,9,6,1,0
572,2,90,0,0,0.0,0.0,10,1,0,32,1,3
575,2,70,0,0,0.03,0.13,3,1,7,17,1,0
576,2,58,0,0,0.01,0.01,0,0,7,-2,1,0
577,2,73,0,0,0.0,0.0,1,0,8,-3,1,0
579,2,13,0,0,0.0,0.01,0,0,1,-1,0,0
580,2,22,0,0,0.09,0.03,1,0,2,2,0,0
583,2,18,0,0,0.0,0.02,1,0,3,1,0,0
584,2,19,0,0,0.0,0.02,1,0,0,2,0,0
585,2,31,0,0,0.0,0.0,1,0,1,3,0,0
586,2,58,0,0,0.01,0.0,1,0,9,9,1,0
588,2,74,0,0,0.02,0.0,2,0,14,9,1,0
589,2,45,0,0,0.0,0.01,1,0,6,6,0,0
591,2,90,0,1,0.4,0.31,5,0,8,25,1,0
592,2,17,0,0,0.0,0.0,1,0,0,-1,0,0
593,2,90,0,1,0.0,0.06,11,1,8,37,1,0
594,2,10,0,0,0.0,0.0,1,0,0,3,0,0
595,2,22,0,0,0.0,0.0,1,0,1,3,0,0
597,2,90,0,0,0.0,0.0,2,0,0,8,1,1
598,2,56,0,0,0.0,0.0,1,0,6,9,0,0
600,2,16,0,0,0.0,0.01,1,0,1,6,0,0
605,2,73,1,0,0.7,0.16,8,0,7,39,1,0
611,2,12,0,0,0.0,0.0,1,0,2,4,0,0
616,2,8,0,0,0.0,0.12,1,0,1,3,0,0
617,2,7,0,0,0.0,0.0,1,0,0,3,0,0
619,2,28,0,0,0.0,0.01,1,0,6,11,0,0
621,2,8,0,0,0.1,0.0,1,0,0,3,0,0
622,2,1,0,0,0.0,0.0,1,0,0,3,0,0
1,3,90,0,0,0.0,0.01,3,0,0,15,1,4
4,3,90,0,0,0.31,0.02,2,0,7,10,1,0
7,3,66,0,0,0.03,0.1,2,0,2,5,1,0
8,3,66,0,0,0.39,0.03,2,0,1,0,1,0
9,3,23,0,0,0.0,0.0,1,0,3,3,0,0
10,3,90,0,0,0.0,0.03,2,0,6,11,1,0
12,3,89,0,0,0.23,0.23,2,0,4,13,1,0
13,3,90,0,1,0.03,0.08,5,0,6,22,1,0
15,3,76,1,0,0.72,0.88,10,0,3,47,1,0
16,3,1,0,0,0.0,0.01,1,0,1,3,0,0
17,3,13,0,0,0.0,0.0,0,0,0,0,0,0
19,3,23,0,0,0.08,0.02,1,0,4,1,0,0
25,3,12,0,0,0.0,0.0,1,0,1,2,0,0
26,3,77,1,0,0.27,0.27,8,0,1,38,1,0
28,3,90,0,0,0.0,0.0,3,0,0,26,1,8
31,3,90,0,0,0.0,0.01,4,0,10,15,1,0
32,3,84,0,0,0.0,0.03,6,1,1,23,1,0
33,3,90,0,0,0.11,0.02,6,1,5,28,1,0
36,3,74,0,0,0.0,0.42,7,1,3,29,1,0
37,3,90,0,0,0.0,0.08,6,1,4,28,1,0
40,3,86,1,0,0.08,0.03,6,0,5,22,1,0
41,3,74,0,0,0.61,0.05,3,1,2,2,1,0
43,3,90,0,0,0.05,0.06,2,0,7,17,1,0
45,3,90,0,0,0.68,0.03,3,1,5,6,1,0
46,3,90,0,0,0.22,0.09,3,1,6,15,1,0
47,3,90,0,0,0.0,0.07,3,1,10,20,1,0
51,3,74,0,0,0.07,0.14,3,1,7,12,1,0
52,3,15,0,0,0.0,0.0,1,0,1,3,0,0
56,3,5,0,0,0.0,0.0,1,0,1,3,0,0
57,3,90,0,0,0.0,0.0,1,0,0,0,1,0
60,3,90,0,0,0.0,0.02,1,0,6,4,1,0
61,3,90,0,0,0.01,0.06,0,0,6,-3,1,0
64,3,90,0,0,0.01,0.04,0,0,4,3,1,0
67,3,88,0,0,0.04,0.01,2,0,2,8,1,0
68,3,88,1,0,1.01,0.05,10,0,9,43,1,0
69,3,90,0,2,0.07,0.02,10,0,11,37,1,0
70,3,75,0,0,0.06,0.01,1,0,4,6,1,0
71,3,14,0,0,0.0,0.0,1,0,1,2,0,0
72,3,1,0,0,0.02,0.0,1,0,2,3,0,0
73,3,75,0,0,0.0,0.01,4,0,12,15,1,0
74,3,14,0,0,0.0,0.0,1,0,0,2,0,0
75,3,1,0,0,0.0,0.0,1,0,0,3,0,0
79,3,90,0,0,0.13,0.01,2,0,7,4,1,0
82,3,90,0,0,0.0,0.0,2,0,0,10,1,2
84,3,16,0,0,0.0,0.0,1,0,1,4,1,0
86,3,90,0,0,0.24,0.4,2,0,6,4,1,0
87,3,90,0,0,0.0,0.0,2,0,5,8,1,0
88,3,45,0,0,0.03,0.0,1,0,5,2,1,0
90,3,45,0,0,0.0,0.0,1,0,5,0,0,0
91,3,90,0,0,0.11,0.0,3,0,13,3,1,0
93,3,73,0,0,0.1,0.01,4,0,10,11,0,0
94,3,90,0,0,0.0,0.17,2,0,5,11,1,0
95,3,45,0,0,0.0,0.01,1,0,11,6,1,0
96,3,85,0,1,0.0,0.21,8,0,4,30,1,0
98,3,90,1,0,0.11,0.01,11,0,12,30,1,0
102,3,45,0,0,0.03,0.02,0,0,5,1,0,0
104,3,62,0,0,0.0,0.0,2,0,3,5,1,0
105,3,45,0,0,0.05,0.01,1,0,4,3,0,0
106,3,90,0,0,0.5,0.01,2,0,6,9,1,0
108,3,4,0,0,0.0,0.0,1,0,1,2,0,0
109,3,90,0,0,0.0,0.2,3,0,0,17,1,3
110,3,90,0,0,0.0,0.0,2,0,0,13,1,2
112,3,90,0,0,0.09,0.01,8,1,4,29,1,0
113,3,77,0,0,0.06,0.01,2,0,5,8,1,0
114,3,90,0,0,0.0,0.33,2,0,4,17,1,0
115,3,76,0,1,0.0,0.14,4,0,2,17,1,0
116,3,90,0,0,0.0,0.01,5,0,12,20,1,0
119,3,12,0,0,0.0,0.16,1,0,1,7,0,0
124,3,90,0,0,0.79,0.04,1,0,4,-1,1,0
127,3,90,0,0,0.09,0.05,2,0,9,13,1,0
129,3,90,0,0,0.17,0.04,2,0,3,18,1,0
136,3,3,0,0,0.0,0.0,1,0,0,3,0,0
138,3,90,0,0,0.43,0.02,2,0,8,9,1,0
142,3,90,0,0,0.07,0.05,1,0,3,9,1,0
144,3,30,0,0,0.04,0.01,1,0,2,4,0,0
145,3,90,0,0,0.0,0.04,3,0,17,16,1,0
148,3,59,0,1,0.0,0.02,3,0,6,5,1,0
151,3,90,0,0,0.0,0.01,1,0,1,-3,1,0
153,3,90,0,0,0.0,0.04,3,0,13,14,1,0
154,3,90,0,0,0.11,0.04,1,0,3,11,1,0
155,3,75,0,0,0.13,0.12,3,1,3,17,1,0
156,3,80,0,0,0.03,0.03,2,0,7,10,1,0
157,3,9,0,0,0.04,0.0,1,0,0,5,0,0
160,3,15,0,0,0.0,0.0,1,0,0,4,0,0
161,3,59,0,0,0.0,0.01,1,0,6,7,1,0
162,3,6,0,0,0.0,0.01,1,0,4,4,0,0
165,3,90,0,0,0.02,0.05,1,0,1,8,1,0
166,3,84,0,0,0.24,0.44,2,1,2,10,1,0
167,3,73,0,0,0.06,0.06,2,1,5,6,1,0
173,3,90,0,0,0.22,0.17,4,0,12,19,1,0
175,3,90,0,0,0.0,0.06,3,0,11,5,1,0
176,3,84,0,0,0.0,0.08,2,0,7,10,1,0
182,3,90,0,0,0.0,0.34,2,0,3,4,1,0
183,3,62,0,0,0.29,0.09,2,0,5,9,1,0
184,3,90,0,0,0.04,0.0,2,0,8,8,1,0
186,3,70,0,0,0.0,0.0,2,0,5,4,1,0
190,3,27,0,0,0.1,0.03,1,0,1,9,0,0
194,3,19,0,0,0.0,0.0,1,0,3,6,0,0
195,3,19,0,0,0.3,0.0,1,0,0,3,0,0
198,3,90,0,0,0.0,0.0,2,0,0,19,1,5
200,3,90,0,0,0.0,0.01,2,0,11,3,1,0
201,3,31,0,0,0.03,0.0,1,0,1,5,0,0
202,3,90,0,0,0.04,0.0,1,0,9,8,1,0
203,3,90,0,0,0.0,0.0,1,0,9,4,1,0
204,3,73,2,0,0.66,0.01,15,0,6,31,1,0
207,3,1,0,0,0.0,0.0,1,0,1,4,0,0
209,3,65,0,0,0.05,0.04,1,0,8,3,1,0
210,3,90,0,0,0.0,0.01,2,0,8,10,1,0
211,3,88,0,1,0.25,0.3,5,0,5,25,1,0
212,3,16,0,0,0.0,0.0,1,0,3,3,0,0
214,3,88,0,1,0.0,0.01,5,0,4,21,1,0
222,3,45,0,0,0.0,0.0,1,0,4,4,0,0
224,3,45,0,1,0.14,0.0,4,0,2,16,1,0
226,3,90,0,0,0.0,0.0,1,0,0,6,1,1
229,3,90,0,0,0.02,0.01,3,0,12,11,1,0
230,3,90,0,0,0.08,0.0,3,0,11,10,1,0
233,3,90,0,0,0.0,0.01,1,0,6,8,1,0
236,3,90,0,0,0.27,0.07,2,0,11,20,1,0
237,3,86,0,0,0.02,0.04,3,1,5,12,1,0
238,3,24,0,0,0.02,0.13,1,0,1,8,0,0
239,3,76,0,0,0.0,0.08,2,0,8,19,1,0
242,3,90,1,0,0.04,0.07,10,0,4,35,1,0
244,3,90,0,0,0.09,0.03,1,0,5,5,1,0
246,3,74,0,0,0.0,0.13,1,0,6,10,1,0
247,3,15,0,1,0.04,0.09,4,0,1,14,0,0
249,3,90,0,0,0.38,0.02,2,0,4,7,1,0
250,3,90,0,0,0.0,0.0,1,0,0,8,1,2
253,3,90,0,0,0.0,0.06,1,0,7,8,1,0
254,3,78,0,0,0.08,0.1,1,0,5,7,1,0
257,3,90,0,0,0.0,0.04,1,0,2,2,1,0
258,3,90,0,0,0.58,0.19,1,0,7,-1,1,0
259,3,90,0,0,0.0,0.01,3,0,11,10,1,0
260,3,17,0,0,0.0,0.0,0,0,1,0,0,0
261,3,82,0,0,0.04,0.26,2,0,4,15,1,0
262,3,11,0,0,0.0,0.0,1,0,0,3,0,0
264,3,78,0,0,0.32,0.65,2,0,4,17,1,0
265,3,29,0,0,0.0,0.1,1,0,2,9,0,0
267,3,90,0,0,0.0,0.02,2,0,4,13,1,0
268,3,90,1,0,0.31,0.27,10,0,7,38,1,0
269,3,11,0,0,0.08,0.32,1,0,1,3,0,0
271,3,7,0,0,0.38,0.0,1,0,0,5,0,0
277,3,90,0,0,0.0,0.0,6,1,7,18,1,0
279,3,90,0,0,0.0,0.0,5,1,6,17,1,0
280,3,63,0,0,0.0,0.01,6,1,0,19,1,0
282,3,90,0,0,0.0,0.04,8,1,4,30,1,0
286,3,81,0,0,0.03,0.01,5,1,12,15,1,0
290,3,90,0,0,0.04,0.01,3,1,6,10,1,0
295,3,90,0,0,0.38,0.05,2,1,3,2,1,0
304,3,90,0,0,0.0,0.01,3,0,11,5,1,0
305,3,90,0,0,0.11,0.12,1,0,6,4,1,0
306,3,90,0,0,0.0,0.04,1,0,7,6,1,0
313,3,24,0,0,0.05,0.02,1,0,2,3,0,0
315,3,78,0,0,0.03,0.15,2,0,6,14,1,0
316,3,65,0,0,0.22,0.0,2,0,3,8,1,0
323,3,11,0,0,0.05,0.0,1,0,1,5,0,0
327,3,29,0,0,0.0,0.0,1,0,4,1,0,0
328,3,1,0,0,0.0,0.0,1,0,0,3,0,0
330,3,60,1,0,0.9,0.02,14,1,2,30,1,0
331,3,90,0,0,0.0,0.0,2,0,5,9,1,0
332,3,90,0,0,0.14,0.0,4,0,10,9,1,0
334,3,90,0,0,0.0,0.01,4,0,13,10,1,0
335,3,90,0,0,0.32,0.1,2,0,6,7,1,0
336,3,61,0,0,0.0,0.01,3,1,0,9,1,0
337,3,28,0,0,0.0,0.0,1,0,0,5,0,0
338,3,90,0,0,0.0,0.01,2,0,11,13,1,0
345,3,72,0,1,0.53,0.01,5,0,8,18,1,0
346,3,72,0,0,0.56,0.06,1,0,3,0,1,0
347,3,17,0,0,0.17,0.14,1,0,0,2,0,0
350,3,90,0,0,0.0,0.0,8,1,0,35,1,5
356,3,90,0,0,0.0,0.02,6,1,7,32,1,0
358,3,90,0,0,0.0,0.03,5,1,5,23,1,0
362,3,90,0,0,0.0,0.03,5,1,9,28,1,0
366,3,90,0,0,0.18,0.05,3,1,4,14,1,0
367,3,90,0,2,0.06,0.4,11,1,10,43,1,0
368,3,90,0,0,0.16,0.08,3,1,9,20,1,0
371,3,26,0,0,0.0,0.0,1,0,2,2,0,0
372,3,83,0,0,0.08,0.02,2,1,11,14,1,0
375,3,6,0,0,0.0,0.0,1,0,0,3,0,0
377,3,63,0,0,0.0,0.02,3,1,4,9,1,0
379,3,63,2,0,0.21,0.05,13,1,3,61,1,0
381,3,1,0,0,0.0,0.0,1,0,0,3,0,0
384,3,90,0,0,0.0,0.0,7,1,0,29,1,3
385,3,90,0,0,0.0,0.0,3,0,0,18,1,4
388,3,90,0,0,0.0,0.02,8,1,9,31,1,0
390,3,90,0,0,0.0,0.03,6,1,3,25,1,0
391,3,90,0,0,0.01,0.02,8,1,8,31,1,0
393,3,90,0,0,0.0,0.02,5,1,6,22,1,0
397,3,90,0,1,0.05,0.34,6,1,4,26,1,0
398,3,24,0,0,0.62,0.01,1,0,1,3,0,0
399,3,65,0,0,0.21,0.3,3,1,3,23,1,0
401,3,83,0,0,0.17,0.01,2,1,0,6,1,0
403,3,60,0,0,0.02,0.27,3,1,0,15,1,0
405,3,76,0,0,0.0,0.01,2,0,7,11,1,0
411,3,90,1,0,1.06,0.48,9,1,7,40,1,0
412,3,90,0,0,0.0,0.0,2,0,0,13,1,4
415,3,20,0,0,0.0,0.01,1,0,3,3,0,0
417,3,83,0,0,0.01,0.01,1,0,4,8,1,0
418,3,90,0,0,0.0,0.01,2,0,12,1,1,0
419,3,90,0,0,0.0,0.0,3,0,10,7,1,0
420,3,6,0,0,0.0,0.01,1,0,3,1,0,0
422,3,1,0,0,0.0,0.01,1,0,1,-1,0,0
423,3,90,0,1,0.02,0.23,4,0,8,22,1,0
426,3,90,0,0,0.15,0.06,2,0,2,11,1,0
427,3,90,1,0,0.05,0.03,8,0,8,29,1,0
428,3,69,0,0,0.12,0.05,3,1,3,10,1,0
429,3,69,0,0,0.0,0.06,3,1,4,11,1,0
432,3,83,0,1,0.0,0.07,9,0,15,32,1,0
439,3,20,1,0,0.29,0.0,5,0,0,28,0,0
445,3,90,0,0,0.0,0.05,-1,0,3,0,1,0
447,3,90,0,0,0.0,0.16,1,0,9,3,1,0
449,3,89,0,1,0.01,0.01,4,0,6,20,1,0
450,3,1,0,0,0.0,0.0,1,0,0,3,0,0
453,3,90,1,1,0.11,0.03,12,0,6,37,1,0
454,3,76,0,0,0.0,0.23,1,0,4,8,1,0
455,3,90,0,0,0.0,0.01,5,1,12,22,1,0
456,3,27,1,0,0.11,0.02,6,0,4,22,0,0
457,3,13,0,0,0.0,0.0,1,0,1,5,0,0
459,3,62,0,0,0.0,0.02,2,0,4,11,1,0
460,3,62,0,0,0.36,0.01,2,0,3,6,1,0
462,3,13,0,0,0.0,0.0,1,0,2,3,0,0
464,3,90,0,0,0.0,0.03,1,0,3,7,1,0
467,3,90,0,0,0.0,0.0,6,1,0,21,1,0
469,3,90,0,0,0.0,0.07,7,1,6,28,1,0
471,3,90,0,0,0.0,0.01,7,1,11,27,1,0
472,3,89,0,0,0.17,0.0,8,1,10,25,1,0
473,3,58,0,0,0.0,0.0,1,0,7,8,1,0
474,3,90,0,0,0.03,0.01,8,1,12,24,1,0
480,3,90,0,0,0.48,0.01,3,1,7,3,1,0
481,3,90,0,0,0.02,0.17,3,1,11,23,1,0
483,3,58,0,0,0.0,0.0,1,0,5,5,1,0
486,3,90,0,0,0.13,0.22,2,1,7,22,1,0
490,3,16,0,0,0.0,0.0,1,0,0,3,0,0
491,3,31,0,0,0.0,0.0,1,0,1,3,0,0
492,3,70,0,0,0.31,0.0,2,0,5,6,1,0
496,3,90,0,0,0.0,0.0,6,1,0,24,1,1
499,3,90,0,0,0.03,0.06,7,1,4,28,1,0
501,3,90,0,0,0.0,0.08,2,0,8,9,1,0
502,3,29,0,0,0.0,0.0,1,0,1,3,0,0
503,3,90,0,0,0.57,0.0,9,1,9,30,1,0
504,3,90,1,0,0.19,0.01,12,0,10,27,1,0
506,3,60,0,0,0.0,0.02,5,1,3,16,1,0
512,3,29,0,0,0.0,0.16,1,0,3,13,0,0
514,3,73,0,0,0.0,0.05,3,1,2,11,1,0
516,3,90,0,0,0.02,0.01,5,1,17,14,1,0
519,3,83,0,0,0.0,0.06,3,1,11,23,1,0
525,3,7,0,0,0.0,0.0,0,0,0,-1,0,0
526,3,6,0,0,0.17,0.0,1,0,1,-1,0,0
529,3,90,0,0,0.0,0.0,2,0,0,11,1,1
532,3,90,0,0,0.06,0.14,4,0,10,12,1,0
533,3,90,0,0,0.0,0.02,4,0,14,16,1,0
534,3,26,0,0,0.0,0.0,1,0,2,8,0,0
536,3,90,0,0,0.0,0.01,2,0,7,14,1,0
541,3,63,0,0,0.11,0.0,2,0,2,0,1,0
542,3,90,1,0,0.84,0.03,8,0,6,25,1,0
544,3,90,0,0,0.06,0.12,3,0,15,12,1,0
545,3,73,0,0,0.28,0.18,1,0,3,16,1,0
551,3,63,0,0,0.0,0.07,2,0,5,11,1,0
552,3,90,0,0,0.26,0.06,2,0,3,11,1,0
553,3,26,0,1,0.1,0.01,4,0,2,15,0,0
557,3,90,0,1,0.0,0.2,5,0,8,31,1,0
558,3,90,0,0,0.03,0.06,3,1,10,18,1,0
562,3,65,0,0,0.04,0.0,2,0,5,9,1,0
564,3,90,0,0,0.0,0.0,2,0,0,13,1,5
565,3,45,0,0,0.15,0.01,0,0,5,0,1,0
566,3,90,0,0,0.02,0.01,1,0,8,8,1,0
567,3,90,0,0,0.0,0.0,2,0,0,12,1,4
569,3,90,0,0,0.44,0.2,2,0,7,10,1,0
570,3,60,1,0,0.8,0.02,8,0,0,27,1,0
572,3,90,0,0,0.0,0.0,6,1,0,25,1,1
574,3,8,0,0,0.0,0.0,1,0,1,4,0,0
575,3,27,0,0,0.0,0.0,1,0,6,4,0,0
576,3,62,0,0,0.04,0.01,3,1,2,5,1,0
578,3,16,0,0,0.0,0.0,1,0,0,3,0,0
579,3,90,0,0,0.0,0.01,8,1,10,27,1,0
580,3,78,0,0,0.0,0.09,2,0,11,18,1,0
581,3,1,0,0,0.0,0.0,1,0,0,3,0,0
583,3,30,0,0,0.0,0.0,1,0,2,2,0,0
584,3,5,0,0,0.0,0.0,1,0,2,1,0,0
585,3,19,0,0,0.0,0.0,1,0,2,2,0,0
586,3,70,0,0,0.03,0.0,8,1,10,22,1,0
588,3,90,0,0,0.72,0.01,3,0,10,6,1,0
589,3,81,0,0,0.0,0.01,2,1,10,7,1,0
591,3,90,0,0,0.24,0.02,1,0,5,16,1,0
592,3,12,0,0,0.0,0.02,1,0,0,4,0,0
593,3,90,0,0,0.11,0.02,1,0,1,3,1,0
594,3,13,0,0,0.42,0.0,0,0,0,-7,0,0
596,3,15,0,0,0.0,0.01,1,0,1,3,0,0
597,3,90,0,0,0.0,0.0,10,1,0,38,1,4
598,3,90,0,0,0.0,0.57,4,0,10,12,1,0
605,3,90,0,0,0.05,0.09,2,0,5,16,1,0
608,3,1,0,0,0.0,0.0,1,0,0,4,0,0
611,3,5,0,0,0.0,0.0,1,0,1,3,0,0
616,3,14,0,0,0.0,0.0,1,0,5,5,0,0
617,3,8,0,0,0.05,0.0,1,0,0,5,0,0
619,3,77,0,0,0.0,0.02,4,0,19,24,1,0
621,3,3,0,0,0.0,0.0,1,0,4,5,0,0
627,3,26,0,0,0.0,0.07,1,0,0,5,0,0
634,3,27,0,0,0.0,0.0,1,0,1,4,0,0
635,3,11,0,0,0.13,0.22,1,0,1,3,0,0
638,3,26,0,0,0.0,0.0,1,0,1,3,0,0
640,3,24,0,0,0.02,0.01,1,0,0,4,0,0
642,3,27,0,0,0.0,0.04,1,0,1,5,0,0
643,3,16,1,0,0.15,0.0,7,0,0,20,0,0
644,3,73,0,0,0.02,0.0,2,0,6,8,1,0
646,3,16,0,0,0.0,0.0,1,0,0,3,0,0
647,3,1,0,0,0.0,0.0,1,0,1,2,0,0
649,3,13,1,0,0.03,0.0,7,0,0,13,0,0
1,4,90,0,0,0.0,0.0,14,1,0,38,1,2
4,4,90,0,0,0.02,0.01,9,1,11,30,1,0
5,4,45,0,0,0.0,0.01,1,0,3,3,0,0
7,4,45,0,0,0.0,0.0,1,0,0,2,1,0
8,4,90,0,0,0.06,0.01,6,1,4,18,1,0
10,4,45,0,0,0.0,0.0,1,0,3,4,1,0
12,4,90,1,0,1.38,0.08,8,1,7,28,1,0
13,4,80,0,1,0.0,0.37,6,1,10,27,1,0
14,4,9,0,0,0.0,0.0,1,0,0,3,0,0
15,4,84,0,0,0.0,0.25,3,1,5,26,1,0
17,4,5,0,0,0.0,0.0,1,0,0,3,0,0
19,4,9,0,0,0.0,0.0,1,0,2,5,0,0
26,4,90,0,0,0.34,0.02,1,1,2,0,1,0
28,4,90,0,0,0.0,0.0,2,0,0,10,1,3
31,4,90,0,0,0.0,0.0,6,1,8,16,1,0
33,4,65,0,0,0.09,0.0,0,0,5,0,0,0
34,4,24,0,0,0.0,0.0,1,0,0,4,1,0
36,4,90,0,0,0.18,0.03,1,0,4,7,1,0
37,4,90,0,0,0.44,0.01,1,0,2,2,1,0
40,4,90,1,0,0.21,0.02,8,0,6,31,1,0
41,4,62,0,0,0.0,0.01,2,0,5,8,1,0
43,4,66,0,0,0.0,0.04,2,0,5,15,1,0
45,4,90,0,1,0.0,0.11,6,0,9,30,1,0
46,4,62,0,0,0.03,0.01,2,0,7,14,1,0
47,4,90,0,0,0.0,0.05,2,0,5,17,1,0
51,4,45,0,0,0.0,0.01,1,0,1,3,1,0
52,4,45,1,0,0.06,0.0,6,0,2,24,0,0
53,4,27,0,0,0.0,0.08,1,0,2,3,0,0
56,4,45,0,0,0.0,0.0,1,0,1,4,0,0
57,4,90,0,0,0.0,0.0,1,0,0,0,1,0
60,4,90,0,0,0.0,0.01,2,0,11,5,1,0
61,4,90,0,0,0.08,0.1,3,0,16,23,1,0
64,4,90,0,0,0.0,0.01,0,0,6,-1,1,0
67,4,81,0,0,0.39,0.02,2,0,3,7,1,0
68,4,82,1,0,0.2,0.47,8,0,8,44,1,0
69,4,90,0,0,0.19,0.05,4,0,15,19,1,0
70,4,65,1,0,0.21,0.02,8,0,4,31,1,0
71,4,8,0,0,0.0,0.0,0,0,2,-1,0,0
72,4,8,0,0,0.1,0.03,1,0,4,6,0,0
73,4,81,0,0,0.03,0.02,2,0,10,16,1,0
74,4,7,0,0,0.0,0.0,0,0,3,-1,0,0
75,4,24,0,0,0.0,0.12,1,0,7,7,0,0
79,4,90,0,1,0.0,0.25,5,0,4,22,1,0
81,4,1,0,0,0.0,0.0,1,0,0,3,0,0
82,4,90,0,0,0.0,0.0,3,0,0,19,1,8
86,4,59,0,0,0.03,0.13,1,0,2,0,1,0
87,4,90,0,0,0.02,0.0,1,0,9,0,1,0
88,4,19,0,0,0.0,0.15,1,0,1,5,0,0
90,4,70,0,0,0.03,0.03,1,0,7,4,1,0
91,4,90,0,0,0.01,0.0,2,0,10,-11,1,0
93,4,90,0,0,0.0,0.01,3,0,12,5,1,0
94,4,90,2,0,0.21,0.1,15,0,4,49,1,0
95,4,30,0,0,0.02,0.01,1,0,4,4,0,0
96,4,30,0,0,0.1,0.0,1,0,4,3,0,0
98,4,90,0,0,0.0,0.08,4,0,20,20,1,0
102,4,59,0,1,0.0,0.21,4,0,5,19,1,0
104,4,72,0,0,0.03,0.01,2,0,7,11,1,0
105,4,59,0,0,0.0,0.1,1,0,11,12,1,0
106,4,90,0,0,0.11,0.03,1,0,1,3,1,0
109,4,90,0,0,0.0,0.0,8,1,0,39,1,6
110,4,90,0,0,0.0,0.01,0,0,0,-5,1,2
112,4,90,0,0,0.14,0.05,8,1,13,27,1,0
113,4,90,0,0,0.0,0.09,6,1,2,24,1,0
114,4,77,0,0,0.01,0.03,6,1,9,25,1,0
115,4,90,0,1,0.03,0.04,11,1,1,41,1,0
116,4,90,1,0,0.03,0.03,12,1,6,39,1,0
119,4,6,0,0,0.0,0.0,1,0,1,3,0,0
124,4,90,1,2,0.82,0.19,17,1,6,56,1,0
126,4,6,0,0,0.0,0.01,1,0,1,4,0,0
127,4,83,0,0,0.14,0.06,3,1,3,6,1,0
129,4,90,1,0,0.31,0.03,8,1,7,38,1,0
136,4,12,0,0,0.0,0.06,1,0,1,4,0,0
138,4,83,1,1,0.39,0.01,10,1,7,40,1,0
142,4,90,0,0,0.16,0.14,1,0,4,11,1,0
144,4,77,0,0,0.04,0.07,1,0,5,7,1,0
145,4,85,0,0,0.0,0.03,1,0,6,10,1,0
147,4,5,0,0,0.0,0.0,1,0,4,5,0,0
148,4,45,0,0,0.0,0.1,0,0,3,-8,1,0
149,4,90,0,0,0.0,0.01,1,0,6,8,1,0
153,4,33,0,0,0.0,0.0,-3,0,6,-18,1,0
154,4,90,0,1,0.13,0.25,5,0,3,28,1,0
155,4,81,0,0,0.18,0.13,2,1,10,17,1,0
156,4,85,0,0,0.05,0.1,2,0,7,17,1,0
157,4,4,0,0,0.03,0.07,1,0,1,6,0,0
161,4,68,0,0,0.0,0.07,2,0,9,14,1,0
165,4,90,1,1,0.29,0.04,12,0,2,44,1,0
166,4,45,0,0,0.0,0.04,0,0,0,0,1,0
167,4,90,1,0,0.63,0.08,5,0,4,25,1,0
173,4,90,0,0,0.19,0.07,0,0,8,-17,1,0
175,4,90,0,0,0.0,0.04,0,0,7,-5,1,0
176,4,90,0,0,0.0,0.33,0,0,3,-7,1,0
182,4,90,0,0,0.0,0.0,0,0,8,-12,1,0
183,4,72,0,0,0.33,0.73,2,0,5,11,1,0
184,4,83,0,0,0.05,0.02,2,0,3,9,1,0
186,4,59,0,0,0.49,0.01,1,0,4,5,1,0
188,4,6,0,0,0.0,0.0,1,0,0,3,0,0
194,4,17,0,0,0.21,0.03,1,0,0,7,0,0
199,4,90,0,0,0.0,0.0,2,0,0,3,1,3
200,4,4,0,0,0.0,0.0,1,0,3,4,0,0
201,4,90,0,0,0.22,0.18,2,0,7,23,1,0
202,4,90,0,0,0.0,0.06,2,0,13,2,1,0
204,4,76,0,0,0.0,0.06,1,0,1,6,1,0
209,4,74,0,0,0.16,0.18,3,1,6,13,1,0
210,4,76,0,0,0.08,0.04,2,0,5,13,1,0
211,4,36,0,0,0.0,0.01,1,0,1,4,1,0
212,4,13,0,0,0.0,0.04,1,0,4,6,0,0
213,4,6,0,0,0.0,0.0,1,0,1,3,0,0
214,4,83,0,2,0.0,0.05,8,0,1,30,1,0
222,4,83,1,0,0.09,0.02,8,0,2,39,1,0
226,4,90,0,0,0.0,0.0,6,1,0,25,1,2
229,4,90,0,0,0.0,0.01,8,1,8,32,1,0
230,4,90,0,0,0.0,0.0,6,1,9,27,1,0
232,4,15,0,0,0.0,0.0,1,0,1,2,0,0
233,4,90,0,0,0.0,0.07,11,1,11,38,1,0
236,4,90,0,0,0.17,0.09,2,1,6,16,1,0
237,4,45,0,0,0.0,0.01,1,0,10,15,0,0
238,4,25,0,0,0.0,0.01,1,0,4,4,0,0
239,4,90,0,0,0.04,0.02,4,1,17,23,1,0
240,4,21,0,0,0.0,0.0,0,0,2,2,0,0
242,4,64,0,0,0.05,0.15,3,1,3,13,1,0
244,4,90,0,0,0.0,0.02,3,1,5,6,1,0
247,4,15,0,0,0.0,0.02,1,0,1,3,0,0
249,4,90,0,0,0.67,0.03,2,1,2,5,1,0
250,4,90,0,0,0.0,0.0,9,1,0,29,1,3
254,4,90,0,0,0.05,0.05,6,1,9,25,1,0
256,4,27,0,0,0.0,0.0,0,0,3,-1,0,0
257,4,90,0,0,0.05,0.0,6,1,8,27,1,0
258,4,71,0,0,0.0,0.01,6,1,5,23,1,0
259,4,90,0,0,0.0,0.13,1,0,7,8,1,0
261,4,76,0,0,0.15,0.11,3,1,4,15,1,0
262,4,13,0,0,0.0,0.0,1,0,2,3,0,0
263,4,18,0,0,0.03,0.07,1,0,3,4,0,0
264,4,62,0,0,0.0,0.13,3,1,7,12,1,0
265,4,90,0,0,0.0,0.01,3,1,9,14,1,0
267,4,76,0,0,0.0,0.1,1,0,10,8,1,0
268,4,76,0,0,0.21,0.09,3,1,4,19,1,0
271,4,13,0,0,0.0,0.0,1,0,1,4,0,0
277,4,90,0,0,0.04,0.0,2,0,14,-1,1,0
279,4,90,0,0,0.13,0.0,1,0,3,-6,1,0
280,4,81,0,0,0.13,0.01,1,0,3,2,1,0
282,4,90,0,1,0.0,0.17,4,0,7,20,1,0
286,4,59,2,0,0.17,0.06,13,0,1,43,1,0
289,4,68,0,0,0.0,0.0,1,0,10,2,1,0
290,4,90,0,0,0.04,0.1,2,0,11,22,1,0
295,4,81,0,1,0.33,0.04,4,0,3,17,1,0
304,4,90,0,0,0.0,0.08,1,0,9,5,1,0
305,4,90,1,2,0.52,0.19,14,0,2,35,1,0
306,4,87,0,0,0.0,0.01,1,0,6,7,1,0
313,4,62,0,0,0.15,0.02,1,0,2,8,1,0
315,4,61,0,0,0.0,0.05,1,0,7,6,1,0
316,4,62,1,1,0.44,0.05,12,0,2,45,1,0
318,4,28,0,0,0.02,0.0,1,0,3,6,0,0
328,4,12,0,0,0.0,0.01,1,0,4,4,0,0
350,4,90,0,0,0.0,0.0,9,1,0,29,1,3
356,4,90,0,0,0.0,0.01,8,1,10,25,1,0
357,4,18,0,0,0.0,0.12,1,0,4,12,0,0
358,4,45,0,0,0.0,0.01,1,0,3,6,0,0
362,4,90,0,0,0.0,0.02,9,1,5,36,1,0
364,4,45,0,0,0.0,0.01,1,0,3,2,1,0
366,4,90,0,0,0.11,0.06,3,1,9,14,1,0
367,4,30,0,0,0.08,0.02,1,0,2,3,0,0
368,4,90,0,0,0.12,0.28,3,1,6,25,1,0
369,4,18,0,0,0.11,0.0,1,0,1,-1,0,0
371,4,59,0,0,0.04,0.01,1,0,10,13,1,0
372,4,30,0,0,0.02,0.02,1,0,4,7,0,0
377,4,59,0,0,0.1,0.0,1,0,2,5,1,0
379,4,90,0,0,0.5,0.0,2,1,1,5,1,0
384,4,90,0,0,0.0,0.0,7,1,0,29,1,3
387,4,8,0,0,0.0,0.0,1,0,0,3,0,0
388,4,90,0,0,0.0,0.0,6,1,7,27,1,0
389,4,90,0,0,0.0,0.01,9,1,11,34,1,0
390,4,90,0,0,0.0,0.0,6,1,7,24,1,0
391,4,90,0,1,0.02,0.0,11,1,7,36,1,0
397,4,90,0,0,0.0,0.06,3,1,3,7,1,0
398,4,22,0,0,0.0,0.02,-2,0,0,-4,1,0
399,4,45,0,0,0.03,0.06,1,0,1,4,1,0
401,4,76,0,0,0.02,0.03,2,1,5,9,1,0
403,4,90,0,0,0.1,0.26,3,1,6,22,1,0
411,4,90,1,0,0.87,0.01,9,1,3,36,1,0
412,4,90,0,0,0.0,0.0,2,0,0,5,1,1
415,4,90,0,0,0.0,0.03,4,0,12,19,1,0
417,4,90,0,0,0.02,0.05,2,0,3,9,1,0
418,4,90,0,0,0.12,0.01,1,0,5,4,1,0
419,4,90,0,0,0.03,0.08,2,0,6,14,1,0
426,4,90,0,0,0.03,0.33,2,0,7,17,1,0
427,4,90,0,0,0.49,0.08,2,0,5,9,1,0
428,4,90,0,0,0.11,0.03,2,0,2,8,1,0
429,4,82,0,0,0.12,0.08,2,0,5,6,1,0
432,4,90,0,0,0.03,0.07,4,0,13,20,1,0
439,4,23,0,0,0.06,0.0,1,0,2,4,0,0
440,4,7,0,0,0.0,0.01,1,0,3,4,0,0
452,4,45,1,0,0.09,0.14,7,0,3,29,0,0
455,4,90,0,0,0.09,0.31,3,1,11,16,1,0
467,4,90,0,0,0.0,0.0,3,0,0,19,1,5
469,4,90,0,0,0.2,0.16,2,0,3,9,1,0
472,4,90,0,1,0.0,0.01,6,0,12,18,1,0
473,4,90,0,0,0.0,0.01,2,0,8,11,1,0
480,4,90,0,1,0.16,0.91,8,0,4,42,1,0
481,4,90,0,0,0.0,0.01,5,1,14,18,1,0
483,4,74,0,0,0.7,0.25,1,0,2,1,1,0
486,4,81,0,0,0.03,0.38,3,0,12,18,1,0
488,4,8,0,0,0.06,0.01,1,0,2,2,0,0
490,4,1,0,0,0.0,0.0,1,0,0,3,0,0
491,4,15,1,0,0.13,0.01,7,0,3,34,0,0
492,4,52,0,0,0.06,0.01,-2,0,2,-5,1,0
496,4,90,0,0,0.0,0.0,7,1,0,29,1,3
501,4,90,0,0,0.0,0.08,1,0,4,6,1,0
502,4,90,0,0,0.07,0.09,7,1,2,30,1,0
503,4,90,0,0,0.0,0.02,6,1,6,27,1,0
504,4,77,0,0,0.11,0.01,6,1,9,27,1,0
512,4,27,0,0,0.0,0.05,1,0,2,8,0,0
514,4,27,0,0,0.01,0.09,1,0,0,3,0,0
515,4,13,0,0,0.0,0.01,1,0,3,3,0,0
516,4,62,0,0,0.0,0.04,3,1,10,15,1,0
520,4,27,0,0,0.06,0.25,1,0,4,8,0,0
522,4,84,0,0,0.09,0.03,3,1,11,13,1,0
525,4,62,0,0,0.11,0.03,3,1,4,15,1,0
526,4,62,0,0,0.0,0.01,2,1,2,4,1,0
529,4,90,0,0,0.0,0.0,2,0,0,9,1,3
532,4,90,0,0,0.08,0.01,0,0,6,0,1,0
533,4,90,0,0,0.7,0.02,0,0,6,-5,1,0
536,4,90,0,0,0.0,0.01,-2,0,7,-12,1,0
541,4,75,0,0,0.13,0.0,2,0,2,5,1,0
542,4,90,0,0,0.85,0.59,0,0,4,6,1,0
544,4,90,0,0,0.0,0.37,1,0,11,19,1,0
545,4,90,0,0,0.04,0.0,2,0,10,11,1,0
551,4,69,0,0,0.0,0.0,2,0,3,7,1,0
552,4,90,0,0,0.0,0.01,1,0,4,4,1,0
553,4,20,0,0,0.0,0.0,1,0,1,1,0,0
557,4,80,0,0,0.0,0.13,3,1,3,10,1,0
558,4,90,0,0,0.06,0.02,3,0,16,18,1,0
562,4,27,0,0,0.0,0.0,1,0,0,1,0,0
564,4,90,0,0,0.0,0.0,1,0,0,6,1,2
565,4,90,0,0,0.0,0.28,4,0,13,19,1,0
566,4,90,0,0,0.58,0.23,3,0,10,-2,1,0
568,4,21,0,0,0.0,0.09,0,0,2,7,0,0
569,4,76,0,0,0.2,0.03,2,1,3,5,1,0
571,4,13,0,0,0.0,0.01,1,0,2,8,0,0
572,4,90,0,0,0.0,0.0,2,0,0,15,1,5
575,4,17,0,0,0.0,0.01,1,0,0,3,0,0
576,4,59,0,0,0.01,0.0,1,0,5,3,1,0
577,4,53,0,0,0.0,0.01,0,0,5,6,0,0
579,4,71,0,0,0.0,0.0,6,1,4,24,1,0
580,4,90,0,0,0.0,0.02,5,1,17,19,1,0
581,4,90,0,0,0.11,0.0,4,0,14,10,1,0
583,4,45,0,0,0.0,0.01,1,0,1,4,0,0
585,4,31,0,0,0.0,0.01,1,0,1,-1,0,0
586,4,58,0,0,0.0,0.0,1,0,7,3,1,0
588,4,90,1,0,0.22,0.14,7,0,5,4,1,0
591,4,90,0,0,0.05,0.2,2,0,5,7,1,0
592,4,2,0,0,0.0,0.0,1,0,1,5,0,0
595,4,6,0,0,0.0,0.0,1,0,0,3,0,0
597,4,90,0,0,0.0,0.01,2,0,0,17,1,5
599,4,30,0,0,0.0,0.0,1,0,1,3,0,0
600,4,12,0,0,0.05,0.01,1,0,1,2,0,0
605,4,64,1,0,0.67,0.01,8,1,6,29,1,0
611,4,90,0,0,0.0,0.06,3,0,12,11,1,0
617,4,30,0,0,0.47,0.16,1,0,2,3,0,0
619,4,90,0,0,0.0,0.04,4,0,13,14,1,0
620,4,30,0,0,0.0,0.01,1,0,1,4,0,0
627,4,71,0,0,0.21,0.03,3,1,5,9,1,0
631,4,27,0,0,0.02,0.13,1,0,2,6,0,0
633,4,90,0,0,0.0,0.01,3,0,11,10,1,0
635,4,13,0,0,0.0,0.01,1,0,1,3,0,0
637,4,8,0,0,0.0,0.0,1,0,1,3,0,0
638,4,8,0,0,0.05,0.0,0,0,0,0,0,0
639,4,25,0,1,0.24,0.01,4,0,4,10,0,0
640,4,27,1,0,0.52,0.0,5,0,2,32,0,0
642,4,30,0,0,0.02,0.03,1,0,4,6,0,0
643,4,13,0,0,0.12,0.01,1,0,1,1,0,0
644,4,90,0,0,0.1,0.03,4,0,16,24,1,0
646,4,14,0,0,0.0,0.0,1,0,0,2,0,0
649,4,74,0,0,0.03,0.14,6,1,5,23,1,0
650,4,90,0,0,0.0,0.0,8,1,12,23,1,0
